trajectory_id,event_index,event_type,timestamp_minutes,latitude,longitude,planned_latitude,planned_longitude,actual_mode,planned_mode,segment_distance_km,idle_minutes,fare_amount,scheduled_arrival_minutes
SCTD-0001,0,location,540.0,12.9535354,77.5967292,12.9535354,77.5967292,taxi,taxi,0.0,0,0,548.129
SCTD-0001,1,location,543.383,12.9593802,77.6033852,12.9593802,77.6026662,taxi,taxi,0.970886,0,0,548.129
SCTD-0001,2,location,548.721,12.965225,77.6098085,12.965225,77.6086032,taxi,taxi,0.952285,1.956,0,548.129
SCTD-0001,3,location,552.104,12.9710698,77.6159025,12.9710698,77.6145402,taxi,taxi,0.926519,0,0,548.129
SCTD-0001,4,location,555.486,12.9769146,77.6217637,12.9769146,77.6204772,taxi,taxi,0.908702,0,55.17,548.129
SCTD-0002,0,location,540.0,12.9102441,77.5976285,12.9102441,77.5976285,walk,walk,0.0,0,0,669.751
SCTD-0002,1,location,574.712,12.929079,77.6125041,12.929079,77.611768,walk,walk,2.643022,0,0,669.751
SCTD-0002,2,location,612.353,12.947914,77.6270668,12.947914,77.6259075,walk,walk,2.622397,2.929,0,669.751
SCTD-0002,3,location,647.065,12.9667489,77.6411867,12.9667489,77.6400469,walk,walk,2.593738,0,0,669.751
SCTD-0002,4,location,681.777,12.9855838,77.6549936,12.9855838,77.6541864,walk,walk,2.573801,0,0.0,669.751
SCTD-0003,0,location,540.0,12.9501791,77.6232008,12.9501791,77.6232008,taxi,taxi,0.0,0,0,551.635
SCTD-0003,1,location,543.503,12.9525144,77.635694,12.9525144,77.6350396,taxi,taxi,1.378523,0,0,551.635
SCTD-0003,2,location,548.126,12.9548498,77.6479662,12.9548498,77.6468784,taxi,taxi,1.35499,1.119,0,551.635
SCTD-0003,3,location,551.629,12.9571852,77.6599256,12.9571852,77.6587173,taxi,taxi,1.321741,0,0,551.635
SCTD-0003,4,location,555.132,12.9595205,77.671664,12.9595205,77.6705561,taxi,taxi,1.298247,0,91.7,551.635
SCTD-0004,0,location,540.0,12.9500036,77.5856443,12.9500036,77.5856443,taxi,taxi,0.0,0,0,555.918
SCTD-0004,1,location,545.111,12.9502499,77.6029625,12.9502499,77.6021678,taxi,taxi,1.87692,0,0,555.918
SCTD-0004,2,location,552.14,12.9504963,77.619953,12.9504963,77.6186914,taxi,taxi,1.841412,1.917,0,555.918
SCTD-0004,3,location,557.251,12.9507427,77.6364802,12.9507427,77.6352149,taxi,taxi,1.791199,0,0,555.918
SCTD-0004,4,location,562.363,12.9509891,77.6526796,12.9509891,77.6517385,taxi,taxi,1.755692,0,117.32,555.918
SCTD-0005,0,location,540.0,12.9445785,77.5860109,12.9445785,77.5860109,bus,bus,0.0,0,0,571.562
SCTD-0005,1,location,548.174,12.9573708,77.6044375,12.9573708,77.6034721,bus,bus,2.451662,0,0,571.562
SCTD-0005,2,location,557.37,12.9701631,77.6224212,12.9701631,77.6209333,bus,bus,2.412651,1.022,0,571.562
SCTD-0005,3,location,565.544,12.9829554,77.6397784,12.9829554,77.6383945,bus,bus,2.358082,0,0,571.562
SCTD-0005,4,location,573.718,12.9957477,77.6566926,12.9957477,77.6558557,bus,bus,2.319899,0,35.76,571.562
SCTD-0006,0,location,540.0,12.944617,77.6102989,12.944617,77.6102989,bus,bus,0.0,0,0,559.798
SCTD-0006,1,location,544.261,12.9513756,77.622608,12.9513756,77.6221169,bus,bus,1.531045,0,0,559.798
SCTD-0006,2,location,549.81,12.9581341,77.6346825,12.9581341,77.633935,bus,bus,1.508912,1.287,0,559.798
SCTD-0006,3,location,554.071,12.9648926,77.6464251,12.9648926,77.645753,bus,bus,1.477806,0,0,559.798
SCTD-0006,4,location,558.333,12.9716512,77.657933,12.9716512,77.6575711,bus,bus,1.455937,0,25.29,559.798
SCTD-0007,0,location,540.0,12.9523124,77.6100972,12.9523124,77.6100972,walk,walk,0.0,0,0,640.26
SCTD-0007,1,location,563.761,12.9615022,77.6264264,12.9615022,77.6260194,walk,walk,2.04336,0,0,640.26
SCTD-0007,2,location,588.69,12.9706919,77.6425416,12.9706919,77.6419416,walk,walk,2.023251,1.168,0,640.26
SCTD-0007,3,location,612.451,12.9798817,77.658354,12.9798817,77.6578638,walk,walk,1.994951,0,0,640.26
SCTD-0007,4,location,636.212,12.9890715,77.6739523,12.9890715,77.6737859,walk,walk,1.975008,0,0.0,640.26
SCTD-0008,0,location,540.0,12.9364736,77.5956073,12.9364736,77.5956073,walk,walk,0.0,0,0,625.016
SCTD-0008,1,location,561.084,12.9509458,77.601364,12.9509458,77.6006742,walk,walk,1.725927,0,0,625.016
SCTD-0008,2,location,585.67,12.9654179,77.6067353,12.9654179,77.605741,walk,walk,1.711264,3.502,0,625.016
SCTD-0008,3,location,606.754,12.9798901,77.6115616,12.9798901,77.6108079,walk,walk,1.692077,0,0,625.016
SCTD-0008,4,location,627.839,12.9943623,77.6160024,12.9943623,77.6158747,walk,walk,1.679629,0,0.0,625.016
SCTD-0009,0,location,540.0,12.9547875,77.5784095,12.9547875,77.5784095,walk,walk,0.0,0,0,645.929
SCTD-0009,1,location,565.812,12.9565976,77.5983669,12.9565976,77.5978717,walk,walk,2.172018,0,0,645.929
SCTD-0009,2,location,593.807,12.9584076,77.6181386,12.9584076,77.617334,walk,walk,2.151971,2.182,0,645.929
SCTD-0009,3,location,619.619,12.9602177,77.6376478,12.9602177,77.6367962,walk,walk,2.12363,0,0,645.929
SCTD-0009,4,location,645.431,12.9620277,77.6569713,12.9620277,77.6562585,walk,walk,2.103587,0,0.0,645.929
SCTD-0010,0,location,540.0,12.9190738,77.5821024,12.9190738,77.5821024,walk,walk,0.0,0,0,633.322
SCTD-0010,1,location,566.733,12.9307038,77.5953153,12.9307038,77.594521,walk,walk,1.929497,0,0,633.322
SCTD-0010,2,location,593.933,12.9423339,77.6081838,12.9423339,77.6069395,walk,walk,1.901914,0.467,0,633.322
SCTD-0010,3,location,620.667,12.953964,77.6205651,12.953964,77.6193581,walk,walk,1.863506,0,0,633.322
SCTD-0010,4,location,647.4,12.965594,77.632602,12.965594,77.6317767,walk,walk,1.836767,0,0.0,633.322
SCTD-0011,0,location,540.0,12.9207724,77.6212949,12.9207724,77.6212949,taxi,taxi,0.0,0,0,553.482
SCTD-0011,1,location,544.107,12.932165,77.6293432,12.932165,77.6289914,taxi,taxi,1.538049,0,0,553.482
SCTD-0011,2,location,550.351,12.9435575,77.6372743,12.9435575,77.636688,taxi,taxi,1.530865,2.137,0,553.482
SCTD-0011,3,location,554.458,12.9549501,77.6450399,12.9549501,77.6443846,taxi,taxi,1.520838,0,0,553.482
SCTD-0011,4,location,558.565,12.9663426,77.6526883,12.9663426,77.6520811,taxi,taxi,1.51383,0,103.55,553.482
SCTD-0012,0,location,540.0,12.9111917,77.6302134,12.9111917,77.6302134,bus,bus,0.0,0,0,566.593
SCTD-0012,1,location,546.862,12.9256613,77.6419091,12.9256613,77.6410897,bus,bus,2.048285,0,0,566.593
SCTD-0012,2,location,553.873,12.9401308,77.6532644,12.9401308,77.651966,bus,bus,2.025621,0.148,0,566.593
SCTD-0012,3,location,560.736,12.9546004,77.6641383,12.9546004,77.6628424,bus,bus,1.994312,0,0,566.593
SCTD-0012,4,location,567.598,12.9690699,77.6746717,12.9690699,77.6737187,bus,bus,1.972696,0,33.41,566.593
SCTD-0013,0,location,540.0,12.9372901,77.6253279,12.9372901,77.6253279,bus,bus,0.0,0,0,546.362
SCTD-0013,1,location,542.289,12.9415532,77.6254353,12.9415532,77.6248285,bus,bus,0.474179,0,0,546.362
SCTD-0013,2,location,546.831,12.9458163,77.6252185,12.9458163,77.6243292,bus,bus,0.474618,2.253,0,546.362
SCTD-0013,3,location,549.119,12.9500794,77.6245431,12.9500794,77.6238299,bus,bus,0.479652,0,0,546.362
SCTD-0013,4,location,551.408,12.9543425,77.6235436,12.9543425,77.6233305,bus,bus,0.486254,0,7.77,546.362
SCTD-0014,0,location,540.0,12.9626213,77.5963522,12.9626213,77.5963522,taxi,taxi,0.0,0,0,550.967
SCTD-0014,1,location,543.973,12.9632783,77.6084752,12.9632783,77.607718,taxi,taxi,1.315703,0,0,550.967
SCTD-0014,2,location,550.382,12.9639353,77.6203038,12.9639353,77.6190838,taxi,taxi,1.283839,2.436,0,550.967
SCTD-0014,3,location,554.355,12.9645924,77.6317159,12.9645924,77.6304496,taxi,taxi,1.238781,0,0,550.967
SCTD-0014,4,location,558.328,12.9652494,77.6428336,12.9652494,77.6418154,taxi,taxi,1.206923,0,85.24,550.967
SCTD-0015,0,location,540.0,12.9454589,77.6206894,12.9454589,77.6206894,walk,walk,0.0,0,0,587.549
SCTD-0015,1,location,552.366,12.9528878,77.6254666,12.9528878,77.6250375,walk,walk,0.974871,0,0,587.549
SCTD-0015,2,location,566.284,12.9603167,77.6300572,12.9603167,77.6293857,walk,walk,0.964272,1.553,0,587.549
SCTD-0015,3,location,578.65,12.9677455,77.6343837,12.9677455,77.6337338,walk,walk,0.949819,0,0,587.549
SCTD-0015,4,location,591.016,12.9751744,77.6385234,12.9751744,77.6380819,walk,walk,0.93999,0,0.0,587.549
SCTD-0016,0,location,540.0,12.917351,77.6199311,12.917351,77.6199311,walk,walk,0.0,0,0,601.982
SCTD-0016,1,location,556.638,12.9284939,77.6204471,12.9284939,77.619574,walk,walk,1.240299,0,0,601.982
SCTD-0016,2,location,574.699,12.9396368,77.6206222,12.9396368,77.6192169,walk,walk,1.239183,1.422,0,601.982
SCTD-0016,3,location,591.337,12.9507797,77.6203153,12.9507797,77.6188598,walk,walk,1.239484,0,0,601.982
SCTD-0016,4,location,607.976,12.9619226,77.6196674,12.9619226,77.6185028,walk,walk,1.241025,0,0.0,601.982
SCTD-0017,0,location,540.0,12.9102994,77.6049708,12.9102994,77.6049708,taxi,taxi,0.0,0,0,557.93
SCTD-0017,1,location,545.01,12.9249238,77.6167545,12.9249238,77.615983,taxi,taxi,2.067714,0,0,557.93
SCTD-0017,2,location,550.579,12.9395481,77.6282014,12.9395481,77.6269953,taxi,taxi,2.045331,0.559,0,557.93
SCTD-0017,3,location,555.588,12.9541725,77.6391721,12.9541725,77.6380075,taxi,taxi,2.014401,0,0,557.93
SCTD-0017,4,location,560.598,12.9687969,77.649806,12.9687969,77.6490197,taxi,taxi,1.993036,0,123.1,557.93
SCTD-0018,0,location,540.0,12.9574875,77.6027508,12.9574875,77.6027508,walk,walk,0.0,0,0,591.625
SCTD-0018,1,location,553.691,12.966021,77.6071531,12.966021,77.6065073,walk,walk,1.062051,0,0,591.625
SCTD-0018,2,location,568.413,12.9745545,77.6114116,12.9745545,77.6102638,walk,walk,1.055137,1.032,0,591.625
SCTD-0018,3,location,582.104,12.983088,77.6154668,12.983088,77.6140203,walk,walk,1.045682,0,0,591.625
SCTD-0018,4,location,595.795,12.9916215,77.6193782,12.9916215,77.6177768,walk,walk,1.039224,0,0.0,591.625
SCTD-0019,0,location,540.0,12.9453871,77.5763003,12.9453871,77.5763003,taxi,taxi,0.0,0,0,566.259
SCTD-0019,1,location,547.215,12.9587948,77.6004909,12.9587948,77.599837,taxi,taxi,3.015725,0,0,566.259
SCTD-0019,2,location,556.46,12.9722025,77.6244929,12.9722025,77.6233737,taxi,taxi,2.99787,2.03,0,566.259
SCTD-0019,3,location,563.676,12.9856102,77.6482284,12.9856102,77.6469103,taxi,taxi,2.972725,0,0,566.259
SCTD-0019,4,location,570.891,12.999018,77.6717755,12.999018,77.670447,taxi,taxi,2.954952,0,181.8,566.259
SCTD-0020,0,location,540.0,12.9216656,77.6233123,12.9216656,77.6233123,taxi,taxi,0.0,0,0,551.168
SCTD-0020,1,location,543.329,12.9329554,77.6241435,12.9329554,77.6237845,taxi,taxi,1.258594,0,0,551.168
SCTD-0020,2,location,548.142,12.9442451,77.6248378,12.9442451,77.6242567,taxi,taxi,1.257618,1.483,0,551.168
SCTD-0020,3,location,551.472,12.9555349,77.6253381,12.9555349,77.6247289,taxi,taxi,1.256536,0,0,551.168
SCTD-0020,4,location,554.801,12.9668247,77.6257014,12.9668247,77.625201,taxi,taxi,1.255983,0,73.1,551.168
SCTD-0021,0,location,540.0,12.9339447,77.5871927,12.9339447,77.5871927,bus,bus,0.0,0,0,573.168
SCTD-0021,1,location,547.703,12.9449546,77.6077293,12.9449546,77.6071762,bus,bus,2.540077,0,0,573.168
SCTD-0021,2,location,558.12,12.9559645,77.6279617,12.9559645,77.6271598,bus,bus,2.511164,2.715,0,573.168
SCTD-0021,3,location,565.823,12.9669744,77.647764,12.9669744,77.6471433,bus,bus,2.470485,0,0,573.168
SCTD-0021,4,location,573.525,12.9779843,77.6672621,12.9779843,77.6671269,bus,bus,2.441825,0,37.12,573.168
SCTD-0022,0,location,540.0,12.947626,77.6061593,12.947626,77.6061593,walk,walk,0.0,0,0,596.903
SCTD-0022,1,location,554.416,12.9563919,77.6123486,12.9563919,77.6115808,walk,walk,1.183184,0,0,596.903
SCTD-0022,2,location,572.265,12.9651577,77.6183184,12.9651577,77.6170022,walk,walk,1.169851,3.433,0,596.903
SCTD-0022,3,location,586.681,12.9739236,77.6239776,12.9739236,77.6224237,walk,walk,1.151577,0,0,596.903
SCTD-0022,4,location,601.097,12.9826894,77.6294173,12.9826894,77.6278452,walk,walk,1.139075,0,0.0,596.903
SCTD-0023,0,location,540.0,12.9438638,77.6199886,12.9438638,77.6199886,taxi,taxi,0.0,0,0,546.491
SCTD-0023,1,location,542.353,12.9504062,77.6201584,12.9504062,77.619409,taxi,taxi,0.727716,0,0,546.491
SCTD-0023,2,location,547.972,12.9569486,77.6200982,12.9569486,77.6188294,taxi,taxi,0.727512,3.266,0,546.491
SCTD-0023,3,location,550.325,12.963491,77.6197126,12.963491,77.6182499,taxi,taxi,0.728682,0,0,546.491
SCTD-0023,4,location,552.678,12.9700334,77.6190967,12.9700334,77.6176703,taxi,taxi,0.730537,0,51.36,546.491
SCTD-0024,0,location,540.0,12.9640515,77.5774882,12.9640515,77.5774882,walk,walk,0.0,0,0,669.666
SCTD-0024,1,location,574.832,12.9710997,77.6006525,12.9710997,77.6003026,walk,walk,2.629571,0,0,669.666
SCTD-0024,2,location,612.397,12.9781479,77.6236254,12.9781479,77.6231171,walk,walk,2.609727,2.734,0,669.666
SCTD-0024,3,location,647.229,12.9851961,77.6463279,12.9851961,77.6459315,walk,walk,2.581716,0,0,669.666
SCTD-0024,4,location,682.061,12.9922444,77.6688391,12.9922444,77.668746,walk,walk,2.561908,0,0.0,669.666
SCTD-0025,0,location,540.0,12.9470477,77.6020046,12.9470477,77.6020046,bus,bus,0.0,0,0,551.387
SCTD-0025,1,location,543.478,12.9506279,77.6096106,12.9506279,77.6089772,bus,bus,0.91535,0,0,551.387
SCTD-0025,2,location,548.758,12.9542081,77.6169541,12.9542081,77.6159498,bus,bus,0.8898,1.801,0,551.387
SCTD-0025,3,location,552.236,12.9577883,77.6239261,12.9577883,77.6229224,bus,bus,0.853986,0,0,551.387
SCTD-0025,4,location,555.715,12.9613685,77.6306355,12.9613685,77.629895,bus,bus,0.828904,0,15.19,551.387
SCTD-0026,0,location,540.0,12.945809,77.6014152,12.945809,77.6014152,walk,walk,0.0,0,0,650.724
SCTD-0026,1,location,568.534,12.9596611,77.616817,12.9596611,77.6160985,walk,walk,2.271155,0,0,650.724
SCTD-0026,2,location,597.878,12.9735133,77.6319072,12.9735133,77.6307818,walk,walk,2.246386,0.809,0,650.724
SCTD-0026,3,location,626.412,12.9873654,77.6465565,12.9873654,77.6454652,walk,walk,2.211792,0,0,650.724
SCTD-0026,4,location,654.946,13.0012175,77.660894,13.0012175,77.6601485,walk,walk,2.187612,0,0.0,650.724
SCTD-0027,0,location,540.0,12.9213413,77.5962702,12.9213413,77.5962702,taxi,taxi,0.0,0,0,565.624
SCTD-0027,1,location,546.768,12.9395231,77.6159782,12.9395231,77.6152338,taxi,taxi,2.940962,0,0,565.624
SCTD-0027,2,location,555.824,12.9577048,77.6353561,12.9577048,77.6341974,taxi,taxi,2.914972,2.288,0,565.624
SCTD-0027,3,location,562.592,12.9758865,77.654267,12.9758865,77.6531609,taxi,taxi,2.878623,0,0,565.624
SCTD-0027,4,location,569.36,12.9940682,77.6728476,12.9940682,77.6721245,taxi,taxi,2.853152,0,198.7,565.624
SCTD-0028,0,location,540.0,12.9063681,77.5789658,12.9063681,77.5789658,bus,bus,0.0,0,0,582.231
SCTD-0028,1,location,550.266,12.9273993,77.5994584,12.9273993,77.5986781,bus,bus,3.225174,0,0,582.231
SCTD-0028,2,location,561.631,12.9484304,77.6195082,12.9484304,77.6183903,bus,bus,3.192196,1.099,0,582.231
SCTD-0028,3,location,571.896,12.9694615,77.6389318,12.9694615,77.6381025,bus,bus,3.146272,0,0,582.231
SCTD-0028,4,location,582.162,12.9904926,77.6579124,12.9904926,77.6578147,bus,bus,3.11425,0,55.33,582.231
SCTD-0029,0,location,540.0,12.9236825,77.5933222,12.9236825,77.5933222,taxi,taxi,0.0,0,0,553.227
SCTD-0029,1,location,543.297,12.9351956,77.6008651,12.9351956,77.6003216,taxi,taxi,1.518936,0,0,553.227
SCTD-0029,2,location,550.141,12.9467087,77.6081964,12.9467087,77.6073211,taxi,taxi,1.506697,3.548,0,553.227
SCTD-0029,3,location,553.438,12.9582218,77.6152283,12.9582218,77.6143205,taxi,taxi,1.489826,0,0,553.227
SCTD-0029,4,location,556.734,12.9697349,77.6220485,12.9697349,77.6213199,taxi,taxi,1.478206,0,103.99,553.227
SCTD-0030,0,location,540.0,12.9114314,77.5916956,12.9114314,77.5916956,walk,walk,0.0,0,0,675.746
SCTD-0030,1,location,575.547,12.9325459,77.6048618,12.9325459,77.6042757,walk,walk,2.747445,0,0,675.746
SCTD-0030,2,location,611.856,12.9536604,77.6179046,12.9536604,77.6168559,walk,walk,2.740464,0.762,0,675.746
SCTD-0030,3,location,647.403,12.9747749,77.630773,12.9747749,77.629436,walk,walk,2.730698,0,0,675.746
SCTD-0030,4,location,682.95,12.9958894,77.6435179,12.9958894,77.6420161,walk,walk,2.723834,0,0.0,675.746
SCTD-0031,0,location,540.0,12.9224362,77.5991501,12.9224362,77.5991501,taxi,taxi,0.0,0,0,553.872
SCTD-0031,1,location,545.255,12.9326361,77.6096723,12.9326361,77.6090423,taxi,taxi,1.608351,0,0,553.872
SCTD-0031,2,location,550.875,12.942836,77.6198806,12.942836,77.6189345,taxi,taxi,1.584379,0.364,0,553.872
SCTD-0031,3,location,556.13,12.9530358,77.6296449,12.9530358,77.6288267,taxi,taxi,1.551134,0,0,553.872
SCTD-0031,4,location,561.385,12.9632357,77.6390953,12.9632357,77.6387189,taxi,taxi,1.528096,0,93.06,553.872
SCTD-0032,0,location,540.0,12.9219111,77.6270905,12.9219111,77.6270905,walk,walk,0.0,0,0,639.167
SCTD-0032,1,location,568.007,12.9396802,77.6261821,12.9396802,77.6254993,walk,walk,1.978291,0,0,639.167
SCTD-0032,2,location,598.603,12.9574493,77.6249589,12.9574493,77.6239082,walk,walk,1.980281,2.589,0,639.167
SCTD-0032,3,location,626.609,12.9752185,77.6232904,12.9752185,77.622317,walk,walk,1.984095,0,0,639.167
SCTD-0032,4,location,654.616,12.9929876,77.6213069,12.9929876,77.6207259,walk,walk,1.987494,0,0.0,639.167
SCTD-0033,0,location,540.0,12.9553955,77.5915442,12.9553955,77.5915442,bus,bus,0.0,0,0,558.86
SCTD-0033,1,location,545.316,12.9578071,77.6050932,12.9578071,77.6043606,bus,bus,1.492513,0,0,558.86
SCTD-0033,2,location,552.384,12.9602187,77.6182756,12.9602187,77.617177,bus,bus,1.453431,1.753,0,558.86
SCTD-0033,3,location,557.7,12.9626303,77.6309394,12.9626303,77.6299933,bus,bus,1.39823,0,0,558.86
SCTD-0033,4,location,563.016,12.9650418,77.6432365,12.9650418,77.6428097,bus,bus,1.359242,0,24.86,558.86
SCTD-0034,0,location,540.0,12.9590856,77.613243,12.9590856,77.613243,taxi,taxi,0.0,0,0,550.98
SCTD-0034,1,location,542.818,12.9698288,77.6168186,12.9698288,77.6161437,taxi,taxi,1.255856,0,0,550.98
SCTD-0034,2,location,546.8,12.980572,77.6201077,12.980572,77.6190444,taxi,taxi,1.246623,1.165,0,550.98
SCTD-0034,3,location,549.618,12.9913152,77.6229915,12.9913152,77.6219451,taxi,taxi,1.234782,0,0,550.98
SCTD-0034,4,location,552.436,13.0020584,77.6255887,13.0020584,77.6248457,taxi,taxi,1.227289,0,86.47,550.98
SCTD-0035,0,location,540.0,12.9431027,77.6030156,12.9431027,77.6030156,taxi,taxi,0.0,0,0,553.914
SCTD-0035,1,location,544.461,12.9494022,77.6167002,12.9494022,77.6159339,taxi,taxi,1.640089,0,0,553.914
SCTD-0035,2,location,549.233,12.9557017,77.6300724,12.9557017,77.6288522,taxi,taxi,1.609518,0.311,0,553.914
SCTD-0035,3,location,553.694,12.9620012,77.643003,12.9620012,77.6417705,taxi,taxi,1.566529,0,0,553.914
SCTD-0035,4,location,558.155,12.9683007,77.6556212,12.9683007,77.6546888,taxi,taxi,1.536296,0,104.07,553.914
SCTD-0036,0,location,540.0,12.9345433,77.5943587,12.9345433,77.5943587,taxi,taxi,0.0,0,0,557.25
SCTD-0036,1,location,546.581,12.9487719,77.6053032,12.9487719,77.6047289,taxi,taxi,1.977359,0,0,557.25
SCTD-0036,2,location,554.214,12.9630006,77.6159306,12.9630006,77.6150992,taxi,taxi,1.956901,1.052,0,557.25
SCTD-0036,3,location,560.795,12.9772292,77.6261094,12.9772292,77.6254694,taxi,taxi,1.928661,0,0,557.25
SCTD-0036,4,location,567.377,12.9914578,77.6359711,12.9914578,77.6358397,taxi,taxi,1.909178,0,118.07,557.25
SCTD-0037,0,location,540.0,12.9277113,77.6135662,12.9277113,77.6135662,walk,walk,0.0,0,0,632.694
SCTD-0037,1,location,563.84,12.9360878,77.629187,12.9360878,77.6283573,walk,walk,1.932218,0,0,632.694
SCTD-0037,2,location,590.91,12.9444644,77.6444483,12.9444644,77.6431483,walk,walk,1.898129,3.231,0,632.694
SCTD-0037,3,location,614.75,12.952841,77.6592011,12.952841,77.6579393,walk,walk,1.85027,0,0,632.694
SCTD-0037,4,location,638.589,12.9612175,77.6735944,12.9612175,77.6727303,walk,walk,1.816664,0,0.0,632.694
SCTD-0038,0,location,540.0,12.9335906,77.5894827,12.9335906,77.5894827,taxi,taxi,0.0,0,0,558.254
SCTD-0038,1,location,545.056,12.942601,77.6070004,12.942601,77.6060246,taxi,taxi,2.146594,0,0,558.254
SCTD-0038,2,location,550.374,12.9516115,77.6240853,12.9516115,77.6225665,taxi,taxi,2.105164,0.261,0,558.254
SCTD-0038,3,location,555.43,12.9606219,77.6405579,12.9606219,77.6391084,taxi,taxi,2.047003,0,0,558.254
SCTD-0038,4,location,560.486,12.9696324,77.6565975,12.9696324,77.6556502,taxi,taxi,2.006167,0,134.31,558.254
SCTD-0039,0,location,540.0,12.9179706,77.5950387,12.9179706,77.5950387,taxi,taxi,0.0,0,0,556.794
SCTD-0039,1,location,544.268,12.9329405,77.6039508,12.9329405,77.6032853,taxi,taxi,1.924509,0,0,556.794
SCTD-0039,2,location,552.212,12.9479103,77.6125482,12.9479103,77.611532,taxi,taxi,1.90759,3.676,0,556.794
SCTD-0039,3,location,556.48,12.9628802,77.6207004,12.9628802,77.6197786,taxi,taxi,1.88447,0,0,556.794
SCTD-0039,4,location,560.749,12.9778501,77.6285377,12.9778501,77.6280253,taxi,taxi,1.868695,0,130.41,556.794
SCTD-0040,0,location,540.0,12.9226537,77.616604,12.9226537,77.616604,walk,walk,0.0,0,0,597.097
SCTD-0040,1,location,556.009,12.9327745,77.6189857,12.9327745,77.6183924,walk,walk,1.154598,0,0,597.097
SCTD-0040,2,location,572.056,12.9428952,77.6211484,12.9428952,77.6201808,walk,walk,1.149525,0.038,0,597.097
SCTD-0040,3,location,588.065,12.9530159,77.6230016,12.9530159,77.6219691,walk,walk,1.143155,0,0,597.097
SCTD-0040,4,location,604.074,12.9631367,77.6246359,12.9631367,77.6237575,walk,walk,1.139225,0,0.0,597.097
SCTD-0041,0,location,540.0,12.9559855,77.5755947,12.9559855,77.5755947,walk,walk,0.0,0,0,643.876
SCTD-0041,1,location,565.717,12.9653936,77.592781,12.9653936,77.5921596,walk,walk,2.136059,0,0,643.876
SCTD-0041,2,location,592.58,12.9748018,77.6098081,12.9748018,77.6087244,walk,walk,2.120974,1.145,0,643.876
SCTD-0041,3,location,618.297,12.98421,77.62661,12.98421,77.6252893,walk,walk,2.099723,0,0,643.876
SCTD-0041,4,location,644.014,12.9936182,77.6432526,12.9936182,77.6418541,walk,walk,2.084721,0,0.0,643.876
SCTD-0042,0,location,540.0,12.9399646,77.5898597,12.9399646,77.5898597,bus,bus,0.0,0,0,568.654
SCTD-0042,1,location,546.617,12.9494889,77.6078346,12.9494889,77.607116,bus,bus,2.217206,0,0,568.654
SCTD-0042,2,location,556.479,12.9590133,77.6255531,12.9590133,77.6243724,bus,bus,2.192779,3.246,0,568.654
SCTD-0042,3,location,563.096,12.9685376,77.6429092,12.9685376,77.6416287,bus,bus,2.158399,0,0,568.654
SCTD-0042,4,location,569.713,12.9780619,77.6600088,12.9780619,77.658885,bus,bus,2.134174,0,36.27,568.654
SCTD-0043,0,location,540.0,12.9110714,77.6050051,12.9110714,77.6050051,bus,bus,0.0,0,0,577.714
SCTD-0043,1,location,549.954,12.9350911,77.6140833,12.9350911,77.6135987,bus,bus,2.846323,0,0,577.714
SCTD-0043,2,location,561.455,12.9591107,77.6229756,12.9591107,77.6221922,bus,bus,2.839391,1.546,0,577.714
SCTD-0043,3,location,571.41,12.9831304,77.6316049,12.9831304,77.6307858,bus,bus,2.829817,0,0,577.714
SCTD-0043,4,location,581.364,13.00715,77.6400483,13.00715,77.6393793,bus,bus,2.823194,0,46.13,577.714
SCTD-0044,0,location,540.0,12.9125983,77.6014051,12.9125983,77.6014051,walk,walk,0.0,0,0,686.213
SCTD-0044,1,location,580.659,12.9342951,77.6173054,12.9342951,77.6166544,walk,walk,2.96482,0,0,686.213
SCTD-0044,2,location,623.857,12.955992,77.6329642,12.955992,77.6319038,walk,walk,2.9496,2.539,0,686.213
SCTD-0044,3,location,664.516,12.9776889,77.6482814,12.9776889,77.6471531,walk,walk,2.928375,0,0,686.213
SCTD-0044,4,location,705.175,12.9993857,77.6633569,12.9993857,77.6624024,walk,walk,2.913535,0,0.0,686.213
SCTD-0045,0,location,540.0,12.9357484,77.5865944,12.9357484,77.5865944,walk,walk,0.0,0,0,668.764
SCTD-0045,1,location,571.249,12.9455918,77.6086718,12.9455918,77.6081062,walk,walk,2.631027,0,0,668.764
SCTD-0045,2,location,605.031,12.9554352,77.6305463,12.9554352,77.6296179,walk,walk,2.610966,2.533,0,668.764
SCTD-0045,3,location,636.279,12.9652786,77.6521339,12.9652786,77.6511297,walk,walk,2.582685,0,0,668.764
SCTD-0045,4,location,667.528,12.975122,77.6735186,12.975122,77.6726415,walk,walk,2.562702,0,0.0,668.764
SCTD-0046,0,location,540.0,12.9458574,77.6129905,12.9458574,77.6129905,taxi,taxi,0.0,0,0,549.314
SCTD-0046,1,location,541.907,12.9551583,77.6152005,12.9551583,77.6145406,taxi,taxi,1.061585,0,0,549.314
SCTD-0046,2,location,546.645,12.9644593,77.6172651,12.9644593,77.6160907,taxi,taxi,1.058142,2.831,0,549.314
SCTD-0046,3,location,548.552,12.9737602,77.6191242,12.9737602,77.6176408,taxi,taxi,1.053657,0,0,549.314
SCTD-0046,4,location,550.459,12.9830612,77.620838,12.9830612,77.6191909,taxi,taxi,1.050758,0,71.54,549.314
SCTD-0047,0,location,540.0,12.9125125,77.6225619,12.9125125,77.6225619,walk,walk,0.0,0,0,677.827
SCTD-0047,1,location,574.241,12.935798,77.6318746,12.935798,77.6312893,walk,walk,2.778991,0,0,677.827
SCTD-0047,2,location,612.163,12.9590835,77.6409623,12.9590835,77.6400167,walk,walk,2.770197,3.681,0,677.827
SCTD-0047,3,location,646.404,12.982369,77.6497318,12.982369,77.6487441,walk,walk,2.758096,0,0,677.827
SCTD-0047,4,location,680.644,13.0056545,77.6582763,13.0056545,77.6574715,walk,walk,2.749759,0,0.0,677.827
SCTD-0048,0,location,540.0,12.9343871,77.5940843,12.9343871,77.5940843,taxi,taxi,0.0,0,0,551.171
SCTD-0048,1,location,543.657,12.939295,77.6052919,12.939295,77.604531,taxi,taxi,1.331571,0,0,551.171
SCTD-0048,2,location,550.874,12.944203,77.6161762,12.944203,77.6149777,taxi,taxi,1.299676,3.559,0,551.171
SCTD-0048,3,location,554.531,12.9491109,77.6266034,12.9491109,77.6254244,taxi,taxi,1.254865,0,0,551.171
SCTD-0048,4,location,558.188,12.9540189,77.6367074,12.9540189,77.6358711,taxi,taxi,1.223393,0,86.61,551.171
SCTD-0049,0,location,540.0,12.9189686,77.6147197,12.9189686,77.6147197,walk,walk,0.0,0,0,671.357
SCTD-0049,1,location,572.196,12.9395594,77.6269896,12.9395594,77.6266082,walk,walk,2.64773,0,0,671.357
SCTD-0049,2,location,608.13,12.9601501,77.6390667,12.9601501,77.6384967,walk,walk,2.637252,3.738,0,671.357
SCTD-0049,3,location,640.325,12.9807408,77.6508714,12.9807408,77.6503851,walk,walk,2.622669,0,0,671.357
SCTD-0049,4,location,672.521,13.0013316,77.6624833,13.0013316,77.6622736,walk,walk,2.612495,0,0.0,671.357
SCTD-0050,0,location,540.0,12.9449047,77.5837155,12.9449047,77.5837155,taxi,taxi,0.0,0,0,553.769
SCTD-0050,1,location,544.465,12.9524615,77.5963023,12.9524615,77.5957245,taxi,taxi,1.602054,0,0,553.769
SCTD-0050,2,location,549.97,12.9600183,77.6086213,12.9600183,77.6077336,taxi,taxi,1.577381,1.04,0,553.769
SCTD-0050,3,location,554.435,12.9675751,77.6205615,12.9675751,77.6197426,taxi,taxi,1.54276,0,0,553.769
SCTD-0050,4,location,558.9,12.9751319,77.6322337,12.9751319,77.6317516,taxi,taxi,1.518464,0,107.84,553.769
SCTD-0051,0,location,540.0,12.9138463,77.5921765,12.9138463,77.5921765,walk,walk,0.0,0,0,654.035
SCTD-0051,1,location,571.976,12.9266023,77.6091825,12.9266023,77.6086567,walk,walk,2.325707,0,0,654.035
SCTD-0051,2,location,604.808,12.9393583,77.6259937,12.9393583,77.6251369,walk,walk,2.308939,0.855,0,654.035
SCTD-0051,3,location,636.784,12.9521143,77.6425293,12.9521143,77.6416172,walk,walk,2.285378,0,0,654.035
SCTD-0051,4,location,668.76,12.9648703,77.6588701,12.9648703,77.6580974,walk,walk,2.268788,0,0.0,654.035
SCTD-0052,0,location,540.0,12.9446896,77.5965427,12.9446896,77.5965427,taxi,taxi,0.0,0,0,552.57
SCTD-0052,1,location,545.087,12.9512412,77.6081917,12.9512412,77.6077278,taxi,taxi,1.457503,0,0,552.57
SCTD-0052,2,location,553.604,12.9577928,77.6197555,12.9577928,77.6189128,taxi,taxi,1.449483,3.43,0,552.57
SCTD-0052,3,location,558.691,12.9643445,77.6311987,12.9643445,77.6300978,taxi,taxi,1.438178,0,0,552.57
SCTD-0052,4,location,563.778,12.9708961,77.6425567,12.9708961,77.6412828,taxi,taxi,1.430195,0,95.76,552.57
SCTD-0053,0,location,540.0,12.931524,77.627267,12.931524,77.627267,taxi,taxi,0.0,0,0,552.021
SCTD-0053,1,location,544.421,12.9436687,77.6288526,12.9436687,77.6279437,taxi,taxi,1.361318,0,0,552.021
SCTD-0053,2,location,550.471,12.9558134,77.6300331,12.9558134,77.6286204,taxi,taxi,1.356475,1.628,0,552.021
SCTD-0053,3,location,554.893,12.9679581,77.6306407,12.9679581,77.6292971,taxi,taxi,1.352033,0,0,552.021
SCTD-0053,4,location,559.314,12.9801027,77.630843,12.9801027,77.6299738,taxi,taxi,1.350607,0,86.05,552.021
SCTD-0054,0,location,540.0,12.9433102,77.5948786,12.9433102,77.5948786,taxi,taxi,0.0,0,0,559.841
SCTD-0054,1,location,546.325,12.9597337,77.6076737,12.9597337,77.6067238,taxi,taxi,2.292942,0,0,559.841
SCTD-0054,2,location,554.669,12.9761572,77.6200515,12.9761572,77.618569,taxi,taxi,2.265836,2.019,0,559.841
SCTD-0054,3,location,560.993,12.9925807,77.6318392,12.9925807,77.6304142,taxi,taxi,2.228529,0,0,559.841
SCTD-0054,4,location,567.318,13.0090042,77.6432095,13.0090042,77.6422593,taxi,taxi,2.202875,0,151.64,559.841
SCTD-0055,0,location,540.0,12.9510654,77.6190276,12.9510654,77.6190276,bus,bus,0.0,0,0,550.212
SCTD-0055,1,location,542.942,12.9575828,77.6222141,12.9575828,77.621315,bus,bus,0.802773,0,0,550.212
SCTD-0055,2,location,548.87,12.9641003,77.6250469,12.9641003,77.6236024,bus,bus,0.787038,2.985,0,550.212
SCTD-0055,3,location,551.813,12.9706178,77.6273791,12.9706178,77.6258897,bus,bus,0.76751,0,0,550.212
SCTD-0055,4,location,554.755,12.9771352,77.6293574,12.9771352,77.6281771,bus,bus,0.755749,0,13.02,550.212
SCTD-0056,0,location,540.0,12.9434396,77.6108299,12.9434396,77.6108299,bus,bus,0.0,0,0,569.588
SCTD-0056,1,location,548.43,12.9593462,77.6238609,12.9593462,77.6231979,bus,bus,2.263299,0,0,569.588
SCTD-0056,2,location,559.4,12.9752528,77.6366094,12.9752528,77.635566,bus,bus,2.24427,2.54,0,569.588
SCTD-0056,3,location,567.829,12.9911594,77.6489582,12.9911594,77.647934,bus,bus,2.217824,0,0,569.588
SCTD-0056,4,location,576.259,13.007066,77.6610244,13.007066,77.6603021,bus,bus,2.199433,0,32.35,569.588
SCTD-0057,0,location,540.0,12.9095998,77.6049797,12.9095998,77.6049797,taxi,taxi,0.0,0,0,554.982
SCTD-0057,1,location,544.884,12.9244677,77.6086148,12.9244677,77.6080057,taxi,taxi,1.69954,0,0,554.982
SCTD-0057,2,location,551.68,12.9393357,77.612136,12.9393357,77.6110317,taxi,taxi,1.696718,1.911,0,554.982
SCTD-0057,3,location,556.564,12.9542037,77.6154963,12.9542037,77.6140577,taxi,taxi,1.692873,0,0,554.982
SCTD-0057,4,location,561.448,12.9690716,77.6187426,12.9690716,77.6170836,taxi,taxi,1.690257,0,115.53,554.982
SCTD-0058,0,location,540.0,12.9481493,77.628207,12.9481493,77.628207,taxi,taxi,0.0,0,0,553.23
SCTD-0058,1,location,543.666,12.957071,77.6390656,12.957071,77.6384464,taxi,taxi,1.53909,0,0,553.23
SCTD-0058,2,location,549.143,12.9659928,77.6495925,12.9659928,77.6486859,taxi,taxi,1.51175,1.812,0,553.23
SCTD-0058,3,location,552.809,12.9749145,77.6596501,12.9749145,77.6589253,taxi,taxi,1.47373,0,0,553.23
SCTD-0058,4,location,556.475,12.9838362,77.6693759,12.9838362,77.6691647,taxi,taxi,1.447314,0,106.11,553.23
SCTD-0059,0,location,540.0,12.9140229,77.628118,12.9140229,77.628118,walk,walk,0.0,0,0,669.97
SCTD-0059,1,location,570.531,12.9373274,77.6304516,12.9373274,77.6300038,walk,walk,2.603662,0,0,669.97
SCTD-0059,2,location,601.069,12.960632,77.6326613,12.960632,77.6318895,walk,walk,2.602391,0.007,0,669.97
SCTD-0059,3,location,631.6,12.9839365,77.6346957,12.9839365,77.6337753,walk,walk,2.60071,0,0,669.97
SCTD-0059,4,location,662.131,13.0072411,77.6366063,13.0072411,77.6356611,walk,walk,2.599605,0,0.0,669.97
SCTD-0060,0,location,540.0,12.9441672,77.5891665,12.9441672,77.5891665,bus,bus,0.0,0,0,557.592
SCTD-0060,1,location,544.625,12.9461924,77.6020538,12.9461924,77.6011627,bus,bus,1.41463,0,0,557.592
SCTD-0060,2,location,551.493,12.9482176,77.614643,12.9482176,77.6131589,bus,bus,1.382724,2.244,0,557.592
SCTD-0060,3,location,556.118,12.9502428,77.6268104,12.9502428,77.6251552,bus,bus,1.33764,0,0,557.592
SCTD-0060,4,location,560.743,12.9522681,77.6386795,12.9522681,77.6371514,bus,bus,1.305785,0,20.53,557.592
SCTD-0061,0,location,540.0,12.9145786,77.6121942,12.9145786,77.6121942,walk,walk,0.0,0,0,670.34
SCTD-0061,1,location,574.265,12.9358035,77.6228051,12.9358035,77.6224094,walk,walk,2.625361,0,0,670.34
SCTD-0061,2,location,609.518,12.9570283,77.6332072,12.9570283,77.6326246,walk,walk,2.615487,0.989,0,670.34
SCTD-0061,3,location,643.783,12.9782531,77.6433139,12.9782531,77.6428397,walk,walk,2.601812,0,0,670.34
SCTD-0061,4,location,678.048,12.999478,77.6532117,12.999478,77.6530549,walk,walk,2.592327,0,0.0,670.34
SCTD-0062,0,location,540.0,12.9201844,77.612241,12.9201844,77.612241,taxi,taxi,0.0,0,0,558.538
SCTD-0062,1,location,544.963,12.9327869,77.6271254,12.9327869,77.6264931,taxi,taxi,2.136802,0,0,558.538
SCTD-0062,2,location,552.748,12.9453894,77.6417785,12.9453894,77.6407453,taxi,taxi,2.117881,2.822,0,558.538
SCTD-0062,3,location,557.71,12.9579919,77.6561044,12.9579919,77.6549974,taxi,taxi,2.091369,0,0,558.538
SCTD-0062,4,location,562.673,12.9705944,77.6701989,12.9705944,77.6692496,taxi,taxi,2.072768,0,124.45,558.538
SCTD-0063,0,location,540.0,12.9072507,77.6301473,12.9072507,77.6301473,taxi,taxi,0.0,0,0,563.46
SCTD-0063,1,location,546.314,12.9289429,77.6404768,12.9289429,77.6400323,taxi,taxi,2.65921,0,0,563.46
SCTD-0063,2,location,556.322,12.9506351,77.6505741,12.9506351,77.6499172,taxi,taxi,2.648673,3.695,0,563.46
SCTD-0063,3,location,562.636,12.9723274,77.6603428,12.9723274,77.6598022,taxi,taxi,2.634127,0,0,563.46
SCTD-0063,4,location,568.95,12.9940196,77.6698792,12.9940196,77.6696872,taxi,taxi,2.624074,0,184.98,563.46
SCTD-0064,0,location,540.0,12.9395644,77.6340925,12.9395644,77.6340925,taxi,taxi,0.0,0,0,555.138
SCTD-0064,1,location,544.91,12.9548487,77.6358308,12.9548487,77.635104,taxi,taxi,1.70995,0,0,555.138
SCTD-0064,2,location,550.183,12.970133,77.6373687,12.970133,77.6361154,taxi,taxi,1.707692,0.364,0,555.138
SCTD-0064,3,location,555.093,12.9854174,77.6386231,12.9854174,77.6371269,taxi,taxi,1.704968,0,0,555.138
SCTD-0064,4,location,560.002,13.0007017,77.6396769,13.0007017,77.6381384,taxi,taxi,1.703373,0,118.23,555.138
SCTD-0065,0,location,540.0,12.9539283,77.6107557,12.9539283,77.6107557,bus,bus,0.0,0,0,563.791
SCTD-0065,1,location,545.93,12.9591837,77.626715,12.9591837,77.6263143,bus,bus,1.82548,0,0,563.791
SCTD-0065,2,location,552.732,12.9644391,77.6425151,12.9644391,77.6418728,bus,bus,1.809108,0.871,0,563.791
SCTD-0065,3,location,558.662,12.9696945,77.65809,12.9696945,77.6574314,bus,bus,1.785996,0,0,563.791
SCTD-0065,4,location,564.592,12.9749499,77.6735056,12.9749499,77.67299,bus,bus,1.769665,0,25.88,563.791
SCTD-0066,0,location,540.0,12.9193497,77.6265056,12.9193497,77.6265056,taxi,taxi,0.0,0,0,561.906
SCTD-0066,1,location,546.483,12.9408379,77.6327971,12.9408379,77.6320752,taxi,taxi,2.484776,0,0,561.906
SCTD-0066,2,location,555.176,12.9623262,77.6388469,12.9623262,77.6376448,taxi,taxi,2.477698,2.209,0,561.906
SCTD-0066,3,location,561.66,12.9838145,77.6445545,12.9838145,77.6432144,taxi,taxi,2.468135,0,0,561.906
SCTD-0066,4,location,568.143,13.0053028,77.6500203,13.0053028,77.6487841,taxi,taxi,2.461685,0,153.45,561.906
SCTD-0067,0,location,540.0,12.941423,77.5965831,12.941423,77.5965831,walk,walk,0.0,0,0,626.356
SCTD-0067,1,location,560.883,12.9525646,77.6085356,12.9525646,77.6076882,walk,walk,1.79237,0,0,626.356
SCTD-0067,2,location,583.31,12.9637062,77.620035,12.9637062,77.6187933,walk,walk,1.757169,1.544,0,626.356
SCTD-0067,3,location,604.194,12.9748478,77.6308934,12.9748478,77.6298983,walk,walk,1.708579,0,0,626.356
SCTD-0067,4,location,625.077,12.9859894,77.6412985,12.9859894,77.6410034,walk,walk,1.675098,0,0.0,626.356
SCTD-0068,0,location,540.0,12.9275745,77.6026464,12.9275745,77.6026464,taxi,taxi,0.0,0,0,550.721
SCTD-0068,1,location,544.121,12.9357693,77.6104381,12.9357693,77.6099382,taxi,taxi,1.242323,0,0,550.721
SCTD-0068,2,location,549.582,12.9439641,77.617996,12.9439641,77.61723,taxi,taxi,1.225226,1.339,0,550.721
SCTD-0068,3,location,553.703,12.9521589,77.6252232,12.9521589,77.6245218,taxi,taxi,1.201552,0,0,550.721
SCTD-0068,4,location,557.824,12.9603537,77.6322166,12.9603537,77.6318136,taxi,taxi,1.185176,0,77.45,550.721
SCTD-0069,0,location,540.0,12.9575813,77.575831,12.9575813,77.575831,taxi,taxi,0.0,0,0,557.924
SCTD-0069,1,location,546.313,12.9576803,77.5952664,12.9576803,77.5944394,taxi,taxi,2.106124,0,0,557.924
SCTD-0069,2,location,555.07,12.9577793,77.6143428,12.9577793,77.6130478,taxi,taxi,2.067215,2.444,0,557.924
SCTD-0069,3,location,561.383,12.9578783,77.6329114,12.9578783,77.6316562,taxi,taxi,2.012191,0,0,557.924
SCTD-0069,4,location,567.696,12.9579773,77.651121,12.9579773,77.6502647,taxi,taxi,1.973283,0,123.57,557.924
SCTD-0070,0,location,540.0,12.9420715,77.6316344,12.9420715,77.6316344,walk,walk,0.0,0,0,589.706
SCTD-0070,1,location,552.651,12.94427,77.6414248,12.94427,77.6405262,walk,walk,1.08878,0,0,589.706
SCTD-0070,2,location,566.782,12.9464685,77.6508856,12.9464685,77.649418,walk,walk,1.053994,1.48,0,589.706
SCTD-0070,3,location,579.433,12.948667,77.6598801,12.948667,77.6583097,walk,walk,1.004914,0,0,589.706
SCTD-0070,4,location,592.084,12.9508656,77.6685451,12.9508656,77.6672015,walk,walk,0.970297,0,0.0,589.706
SCTD-0071,0,location,540.0,12.9542813,77.6323731,12.9542813,77.6323731,walk,walk,0.0,0,0,598.969
SCTD-0071,1,location,556.244,12.9623208,77.6403985,12.9623208,77.6394726,walk,walk,1.247181,0,0,598.969
SCTD-0071,2,location,573.138,12.9703604,77.6480481,12.9703604,77.646572,walk,walk,1.219125,0.651,0,598.969
SCTD-0071,3,location,589.381,12.9784,77.6551663,12.9784,77.6536714,walk,walk,1.180715,0,0,598.969
SCTD-0071,4,location,605.625,12.9864396,77.6619088,12.9864396,77.6607708,walk,walk,1.154513,0,0.0,598.969
SCTD-0072,0,location,540.0,12.9437687,77.616278,12.9437687,77.616278,bus,bus,0.0,0,0,559.854
SCTD-0072,1,location,545.135,12.9554274,77.6236936,12.9554274,77.6230389,bus,bus,1.525255,0,0,559.854
SCTD-0072,2,location,551.927,12.9670861,77.6309429,12.9670861,77.6297997,bus,bus,1.515822,1.658,0,559.854
SCTD-0072,3,location,557.062,12.9787448,77.637957,12.9787448,77.6365606,bus,bus,1.502755,0,0,559.854
SCTD-0072,4,location,562.197,12.9904035,77.6448049,12.9904035,77.6433215,bus,bus,1.493705,0,23.88,559.854
SCTD-0073,0,location,540.0,12.9577111,77.599741,12.9577111,77.599741,bus,bus,0.0,0,0,555.235
SCTD-0073,1,location,546.251,12.9624186,77.6096065,12.9624186,77.609114,bus,bus,1.190312,0,0,555.235
SCTD-0073,2,location,554.088,12.9671261,77.61924,12.9671261,77.618487,bus,bus,1.167778,1.586,0,555.235
SCTD-0073,3,location,560.339,12.9718335,77.6285455,12.9718335,77.62786,bus,bus,1.136105,0,0,555.235
SCTD-0073,4,location,566.59,12.976541,77.6376191,12.976541,77.6372329,bus,bus,1.113845,0,19.58,555.235
SCTD-0074,0,location,540.0,12.9361757,77.5936993,12.9361757,77.5936993,bus,bus,0.0,0,0,555.418
SCTD-0074,1,location,542.768,12.9448177,77.6003292,12.9448177,77.5996352,bus,bus,1.199854,0,0,555.418
SCTD-0074,2,location,546.0,12.9534596,77.6067093,12.9534596,77.6055712,bus,bus,1.18382,0.464,0,555.418
SCTD-0074,3,location,548.767,12.9621016,77.6127359,12.9621016,77.6115072,bus,bus,1.161852,0,0,555.418
SCTD-0074,4,location,551.535,12.9707435,77.6185125,12.9707435,77.6174432,bus,bus,1.146833,0,17.79,555.418
SCTD-0075,0,location,540.0,12.9317478,77.6130003,12.9317478,77.6130003,taxi,taxi,0.0,0,0,553.194
SCTD-0075,1,location,543.417,12.9450796,77.6147729,12.9450796,77.613683,taxi,taxi,1.494823,0,0,553.194
SCTD-0075,2,location,547.436,12.9584114,77.6161035,12.9584114,77.6143657,taxi,taxi,1.489425,0.602,0,553.194
SCTD-0075,3,location,550.853,12.9717432,77.616809,12.9717432,77.6150484,taxi,taxi,1.484399,0,0,553.194
SCTD-0075,4,location,554.27,12.985075,77.6170724,12.985075,77.6157311,taxi,taxi,1.482704,0,94.35,553.194
SCTD-0076,0,location,540.0,12.9167174,77.6218778,12.9167174,77.6218778,taxi,taxi,0.0,0,0,552.842
SCTD-0076,1,location,544.287,12.9270551,77.6307476,12.9270551,77.6299535,taxi,taxi,1.498482,0,0,552.842
SCTD-0076,2,location,551.272,12.9373927,77.6393892,12.9373927,77.6380293,taxi,taxi,1.482709,2.698,0,552.842
SCTD-0076,3,location,555.559,12.9477303,77.6477079,12.9477303,77.6461051,taxi,taxi,1.460836,0,0,552.842
SCTD-0076,4,location,559.846,12.958068,77.6557983,12.958068,77.6541808,taxi,taxi,1.445676,0,95.97,552.842
SCTD-0077,0,location,540.0,12.9070183,77.6080028,12.9070183,77.6080028,taxi,taxi,0.0,0,0,557.957
SCTD-0077,1,location,544.361,12.9247426,77.6126032,12.9247426,77.6120982,taxi,taxi,2.032942,0,0,557.957
SCTD-0077,2,location,550.311,12.9424669,77.6170137,12.9424669,77.6161936,taxi,taxi,2.027984,1.589,0,557.957
SCTD-0077,3,location,554.672,12.9601911,77.6211555,12.9601911,77.6202889,taxi,taxi,2.021312,0,0,557.957
SCTD-0077,4,location,559.032,12.9779154,77.6251073,12.9779154,77.6243843,taxi,taxi,2.016834,0,117.98,557.957
SCTD-0078,0,location,540.0,12.9243455,77.6193266,12.9243455,77.6193266,walk,walk,0.0,0,0,590.487
SCTD-0078,1,location,553.265,12.9334024,77.6203833,12.9334024,77.6200019,walk,walk,1.013582,0,0,590.487
SCTD-0078,2,location,569.203,12.9424594,77.6212929,12.9424594,77.6206773,walk,walk,1.011905,2.673,0,590.487
SCTD-0078,3,location,582.468,12.9515164,77.6219945,12.9515164,77.6213526,walk,walk,1.009958,0,0,590.487
SCTD-0078,4,location,595.733,12.9605734,77.6225489,12.9605734,77.622028,walk,walk,1.008883,0,0.0,590.487
SCTD-0079,0,location,540.0,12.9375028,77.6306327,12.9375028,77.6306327,walk,walk,0.0,0,0,652.851
SCTD-0079,1,location,572.787,12.9555987,77.6404261,12.9555987,77.640068,walk,walk,2.274905,0,0,652.851
SCTD-0079,2,location,605.758,12.9736945,77.6501061,12.9736945,77.6495033,walk,walk,2.269164,0.185,0,652.851
SCTD-0079,3,location,638.545,12.9917904,77.6596258,12.9917904,77.6589386,walk,walk,2.261149,0,0,652.851
SCTD-0079,4,location,671.331,13.0098863,77.669032,13.0098863,77.6683739,walk,walk,2.255536,0,0.0,652.851
SCTD-0080,0,location,540.0,12.911159,77.618046,12.911159,77.618046,bus,bus,0.0,0,0,561.586
SCTD-0080,1,location,545.072,12.9212988,77.6293515,12.9212988,77.6287659,bus,bus,1.665125,0,0,561.586
SCTD-0080,2,location,550.247,12.9314387,77.6405527,12.9314387,77.6394859,bus,bus,1.65679,0.103,0,561.586
SCTD-0080,3,location,555.32,12.9415785,77.6516064,12.9415785,77.6502058,bus,bus,1.645077,0,0,561.586
SCTD-0080,4,location,560.392,12.9517184,77.6625558,12.9517184,77.6609258,bus,bus,1.636829,0,28.02,561.586
SCTD-0081,0,location,540.0,12.9328808,77.5982542,12.9328808,77.5982542,taxi,taxi,0.0,0,0,549.293
SCTD-0081,1,location,543.062,12.9387439,77.6064105,12.9387439,77.605796,taxi,taxi,1.098344,0,0,549.293
SCTD-0081,2,location,548.408,12.944607,77.6142761,12.944607,77.6133378,taxi,taxi,1.07314,2.283,0,549.293
SCTD-0081,3,location,551.47,12.9504702,77.6217306,12.9504702,77.6208796,taxi,taxi,1.038092,0,0,549.293
SCTD-0081,4,location,554.532,12.9563333,77.6288944,12.9563333,77.6284214,taxi,taxi,1.013755,0,62.78,549.293
SCTD-0082,0,location,540.0,12.9609045,77.60542,12.9609045,77.60542,walk,walk,0.0,0,0,617.951
SCTD-0082,1,location,562.457,12.9703897,77.6167294,12.9703897,77.6160158,walk,walk,1.61686,0,0,617.951
SCTD-0082,2,location,585.832,12.9798749,77.6277653,12.9798749,77.6266115,walk,walk,1.594477,0.917,0,617.951
SCTD-0082,3,location,608.289,12.9893601,77.6384143,12.9893601,77.6372072,walk,walk,1.563249,0,0,617.951
SCTD-0082,4,location,630.747,12.9988453,77.6487897,12.9988453,77.647803,walk,walk,1.541466,0,0.0,617.951
SCTD-0083,0,location,540.0,12.9478572,77.6274755,12.9478572,77.6274755,bus,bus,0.0,0,0,543.402
SCTD-0083,1,location,540.767,12.9501248,77.6281408,12.9501248,77.6271171,bus,bus,0.262248,0,0,543.402
SCTD-0083,2,location,543.362,12.9523923,77.6283874,12.9523923,77.6267588,bus,bus,0.253555,1.828,0,543.402
SCTD-0083,3,location,544.129,12.9546599,77.6280419,12.9546599,77.6264004,bus,bus,0.254908,0,0,543.402
SCTD-0083,4,location,544.896,12.9569275,77.6272777,12.9569275,77.626042,bus,bus,0.265395,0,4.48,543.402
SCTD-0084,0,location,540.0,12.9210392,77.5826842,12.9210392,77.5826842,walk,walk,0.0,0,0,625.4
SCTD-0084,1,location,563.783,12.9327648,77.5933896,12.9327648,77.5928651,walk,walk,1.7453,0,0,625.4
SCTD-0084,2,location,588.122,12.9444904,77.6039755,12.9444904,77.6030461,walk,walk,1.736682,0.555,0,625.4
SCTD-0084,3,location,611.905,12.956216,77.6143923,12.956216,77.613227,walk,walk,1.7246,0,0,625.4
SCTD-0084,4,location,635.689,12.9679416,77.6246896,12.9679416,77.6234079,walk,walk,1.716115,0,0.0,625.4
SCTD-0085,0,location,540.0,12.9432374,77.5770896,12.9432374,77.5770896,bus,bus,0.0,0,0,559.505
SCTD-0085,1,location,546.449,12.9477973,77.5899947,12.9477973,77.5897522,bus,bus,1.487584,0,0,559.505
SCTD-0085,2,location,553.775,12.9523573,77.6027804,12.9523573,77.6024149,bus,bus,1.475407,0.877,0,559.505
SCTD-0085,3,location,560.224,12.9569172,77.6153972,12.9569172,77.6150775,bus,bus,1.458219,0,0,559.505
SCTD-0085,4,location,566.673,12.9614771,77.6278947,12.9614771,77.6277401,bus,bus,1.446074,0,21.5,559.505
SCTD-0086,0,location,540.0,12.9639399,77.6278515,12.9639399,77.6278515,taxi,taxi,0.0,0,0,546.367
SCTD-0086,1,location,542.355,12.9703295,77.6292929,12.9703295,77.628687,taxi,taxi,0.727458,0,0,546.367
SCTD-0086,2,location,545.933,12.9767191,77.6305489,12.9767191,77.6295225,taxi,taxi,0.723408,1.223,0,546.367
SCTD-0086,3,location,548.288,12.9831087,77.6315424,12.9831087,77.630358,taxi,taxi,0.718601,0,0,546.367
SCTD-0086,4,location,550.644,12.9894983,77.6323504,12.9894983,77.6311935,taxi,taxi,0.715865,0,48.69,546.367
SCTD-0087,0,location,540.0,12.9514811,77.6162164,12.9514811,77.6162164,taxi,taxi,0.0,0,0,554.788
SCTD-0087,1,location,544.071,12.9647918,77.6237153,12.9647918,77.6232277,taxi,taxi,1.688491,0,0,554.788
SCTD-0087,2,location,550.297,12.9781025,77.63102,12.9781025,77.630239,taxi,taxi,1.678437,2.155,0,554.788
SCTD-0087,3,location,554.367,12.9914132,77.6380497,12.9914132,77.6372504,taxi,taxi,1.664578,0,0,554.788
SCTD-0087,4,location,558.438,13.0047239,77.644885,13.0047239,77.6442617,taxi,taxi,1.655027,0,104.83,554.788
SCTD-0088,0,location,540.0,12.9544506,77.6059208,12.9544506,77.6059208,bus,bus,0.0,0,0,548.428
SCTD-0088,1,location,542.292,12.9544864,77.6123469,12.9544864,77.6117538,bus,bus,0.696378,0,0,548.428
SCTD-0088,2,location,545.748,12.9545223,77.6186291,12.9545223,77.6175868,bus,bus,0.680789,1.165,0,548.428
SCTD-0088,3,location,548.039,12.9545582,77.6247079,12.9545582,77.6234198,bus,bus,0.658743,0,0,548.428
SCTD-0088,4,location,550.331,12.954594,77.6306429,12.954594,77.6292528,bus,bus,0.643154,0,11.25,548.428
SCTD-0089,0,location,540.0,12.9381034,77.5902814,12.9381034,77.5902814,bus,bus,0.0,0,0,568.676
SCTD-0089,1,location,548.184,12.9503523,77.6066019,12.9503523,77.6056419,bus,bus,2.232303,0,0,568.676
SCTD-0089,2,location,558.306,12.9626011,77.622471,12.9626011,77.6210023,bus,bus,2.193683,1.937,0,568.676
SCTD-0089,3,location,566.49,12.97485,77.6377017,12.97485,77.6363628,bus,bus,2.139815,0,0,568.676
SCTD-0089,4,location,574.675,12.9870988,77.6524808,12.9870988,77.6517232,bus,bus,2.102248,0,37.9,568.676
SCTD-0090,0,location,540.0,12.9522643,77.6175488,12.9522643,77.6175488,bus,bus,0.0,0,0,556.1
SCTD-0090,1,location,545.576,12.9598764,77.6264651,12.9598764,77.6254964,bus,bus,1.284527,0,0,556.1
SCTD-0090,2,location,551.486,12.9674886,77.6349357,12.9674886,77.633444,bus,bus,1.248585,0.334,0,556.1
SCTD-0090,3,location,557.062,12.9751008,77.642776,12.9751008,77.6413916,bus,bus,1.199248,0,0,556.1
SCTD-0090,4,location,562.638,12.982713,77.6501705,12.982713,77.6493392,bus,bus,1.165512,0,18.55,556.1
SCTD-0091,0,location,540.0,12.9051054,77.6132045,12.9051054,77.6132045,walk,walk,0.0,0,0,630.29
SCTD-0091,1,location,561.996,12.9211807,77.6158076,12.9211807,77.6155718,walk,walk,1.809621,0,0,630.29
SCTD-0091,2,location,586.236,12.9372559,77.6183043,12.9372559,77.6179391,walk,walk,1.807855,2.244,0,630.29
SCTD-0091,3,location,608.233,12.9533312,77.6206503,12.9533312,77.6203064,walk,walk,1.805482,0,0,630.29
SCTD-0091,4,location,630.229,12.9694065,77.6228899,12.9694065,77.6226737,walk,walk,1.803891,0,0.0,630.29
SCTD-0092,0,location,540.0,12.9606291,77.5989118,12.9606291,77.5989118,bus,bus,0.0,0,0,548.977
SCTD-0092,1,location,543.749,12.9651398,77.6037174,12.9651398,77.6030568,bus,bus,0.723008,0,0,548.977
SCTD-0092,2,location,548.901,12.9696505,77.6082191,12.9696505,77.6072017,bus,bus,0.699662,1.403,0,548.977
SCTD-0092,3,location,552.65,12.9741612,77.6122912,12.9741612,77.6113466,bus,bus,0.668028,0,0,548.977
SCTD-0092,4,location,556.399,12.9786719,77.6160594,12.9786719,77.6154916,bus,bus,0.646748,0,11.18,548.977
SCTD-0093,0,location,540.0,12.9095514,77.6124229,12.9095514,77.6124229,walk,walk,0.0,0,0,624.224
SCTD-0093,1,location,564.968,12.9246865,77.6137703,12.9246865,77.6130839,walk,walk,1.689272,0,0,624.224
SCTD-0093,2,location,592.609,12.9398216,77.6147751,12.9398216,77.6137449,walk,walk,1.686468,2.672,0,624.224
SCTD-0093,3,location,617.577,12.9549567,77.6152953,12.9549567,77.6144059,walk,walk,1.683892,0,0,624.224
SCTD-0093,4,location,642.545,12.9700918,77.6154729,12.9700918,77.6150669,walk,walk,1.683058,0,0.0,624.224
SCTD-0094,0,location,540.0,12.938785,77.5869312,12.938785,77.5869312,bus,bus,0.0,0,0,568.843
SCTD-0094,1,location,547.915,12.9537967,77.6001172,12.9537967,77.5996291,bus,bus,2.197318,0,0,568.843
SCTD-0094,2,location,558.519,12.9688084,77.6130897,12.9688084,77.6123269,bus,bus,2.182291,2.69,0,568.843
SCTD-0094,3,location,566.434,12.9838201,77.6257603,12.9838201,77.6250248,bus,bus,2.161307,0,0,568.843
SCTD-0094,4,location,574.349,12.9988318,77.6382174,12.9988318,77.6377227,bus,bus,2.146631,0,36.46,568.843
SCTD-0095,0,location,540.0,12.9304846,77.5891956,12.9304846,77.5891956,bus,bus,0.0,0,0,563.896
SCTD-0095,1,location,546.986,12.9415626,77.6022117,12.9415626,77.6012084,bus,bus,1.872742,0,0,563.896
SCTD-0095,2,location,557.734,12.9526406,77.614809,12.9526406,77.6132211,bus,bus,1.838751,3.763,0,563.896
SCTD-0095,3,location,564.719,12.9637186,77.626814,12.9637186,77.6252339,bus,bus,1.791564,0,0,563.896
SCTD-0095,4,location,571.705,12.9747966,77.6383999,12.9747966,77.6372467,bus,bus,1.758836,0,27.5,563.896
SCTD-0096,0,location,540.0,12.9344994,77.5797957,12.9344994,77.5797957,taxi,taxi,0.0,0,0,551.862
SCTD-0096,1,location,543.049,12.9422426,77.5896513,12.9422426,77.5892045,taxi,taxi,1.371906,0,0,551.862
SCTD-0096,2,location,547.652,12.9499858,77.599353,12.9499858,77.5986134,taxi,taxi,1.358929,1.553,0,551.862
SCTD-0096,3,location,550.701,12.957729,77.608837,12.957729,77.6080223,taxi,taxi,1.340729,0,0,551.862
SCTD-0096,4,location,553.75,12.9654722,77.6181669,12.9654722,77.6174312,taxi,taxi,1.327955,0,78.4,551.862
SCTD-0097,0,location,540.0,12.9299147,77.5918803,12.9299147,77.5918803,bus,bus,0.0,0,0,558.946
SCTD-0097,1,location,545.409,12.9409702,77.5989834,12.9409702,77.5984572,bus,bus,1.450447,0,0,558.946
SCTD-0097,2,location,551.379,12.9520257,77.6058584,12.9520257,77.605034,bus,bus,1.437462,0.56,0,558.946
SCTD-0097,3,location,556.788,12.9630813,77.6124107,12.9630813,77.6116109,bus,bus,1.41964,0,0,558.946
SCTD-0097,4,location,562.197,12.9741368,77.6187349,12.9741368,77.6181878,bus,bus,1.407421,0,24.8,558.946
SCTD-0098,0,location,540.0,12.9399191,77.6148537,12.9399191,77.6148537,taxi,taxi,0.0,0,0,558.456
SCTD-0098,1,location,543.596,12.9561362,77.6251823,12.9561362,77.6243518,taxi,taxi,2.122401,0,0,558.456
SCTD-0098,2,location,548.427,12.9723534,77.6351096,12.9723534,77.6338499,taxi,taxi,2.099755,1.236,0,558.456
SCTD-0098,3,location,552.022,12.9885705,77.6444693,12.9885705,77.643348,taxi,taxi,2.068883,0,0,558.456
SCTD-0098,4,location,555.618,13.0047877,77.6534274,13.0047877,77.652846,taxi,taxi,2.047879,0,128.19,558.456
SCTD-0099,0,location,540.0,12.9355923,77.6038328,12.9355923,77.6038328,bus,bus,0.0,0,0,561.991
SCTD-0099,1,location,545.345,12.9493678,77.6100041,12.9493678,77.6094756,bus,bus,1.671408,0,0,561.991
SCTD-0099,2,location,553.076,12.9631433,77.6159696,12.9631433,77.6151185,bus,bus,1.662591,2.387,0,561.991
SCTD-0099,3,location,558.421,12.9769188,77.6216438,12.9769188,77.6207613,bus,bus,1.650562,0,0,561.991
SCTD-0099,4,location,563.766,12.9906944,77.627112,12.9906944,77.6264042,bus,bus,1.642366,0,26.59,561.991
SCTD-0100,0,location,540.0,12.9563993,77.6055656,12.9563993,77.6055656,bus,bus,0.0,0,0,560.01
SCTD-0100,1,location,545.12,12.9572377,77.6196952,12.9572377,77.6193882,bus,bus,1.533978,0,0,560.01
SCTD-0100,2,location,551.262,12.9580761,77.6336613,12.9580761,77.6332108,bus,bus,1.516287,1.022,0,560.01
SCTD-0100,3,location,556.382,12.9589145,77.6473962,12.9589145,77.6470334,bus,bus,1.49127,0,0,560.01
SCTD-0100,4,location,561.503,12.9597528,77.6609675,12.9597528,77.660856,bus,bus,1.473581,0,22.29,560.01
SCTD-0101,0,location,540.0,12.9118918,77.6077553,12.9118918,77.6077553,walk,walk,0.0,0,0,642.176
SCTD-0101,1,location,565.594,12.9297846,77.6126738,12.9297846,77.6120592,walk,walk,2.059763,0,0,642.176
SCTD-0101,2,location,591.982,12.9476774,77.6174544,12.9476774,77.6163631,walk,walk,2.055935,0.795,0,642.176
SCTD-0101,3,location,617.575,12.9655701,77.6220398,12.9655701,77.620667,walk,walk,2.0507,0,0,642.176
SCTD-0101,4,location,643.169,12.9834629,77.6264872,12.9834629,77.6249709,walk,walk,2.04712,0,0.0,642.176
SCTD-0102,0,location,540.0,12.9313603,77.6315984,12.9313603,77.6315984,walk,walk,0.0,0,0,591.984
SCTD-0102,1,location,552.246,12.9405113,77.6338633,12.9405113,77.633567,walk,walk,1.046735,0,0,591.984
SCTD-0102,2,location,565.09,12.9496623,77.6360418,12.9496623,77.6355355,walk,walk,1.044575,0.599,0,591.984
SCTD-0102,3,location,577.336,12.9588133,77.6380979,12.9588133,77.6375041,walk,walk,1.041658,0,0,591.984
SCTD-0102,4,location,589.581,12.9679644,77.6400675,12.9679644,77.6394727,walk,walk,1.039691,0,0.0,591.984
SCTD-0103,0,location,540.0,12.907736,77.6316344,12.907736,77.6316344,bus,bus,0.0,0,0,575.221
SCTD-0103,1,location,549.855,12.9314917,77.6320371,12.9314917,77.6314763,bus,bus,2.641873,0,0,575.221
SCTD-0103,2,location,561.147,12.9552474,77.6322983,12.9552474,77.6313181,bus,bus,2.641664,1.436,0,575.221
SCTD-0103,3,location,571.002,12.979003,77.6323596,12.979003,77.6311599,bus,bus,2.641521,0,0,575.221
SCTD-0103,4,location,580.858,13.0027587,77.6322795,13.0027587,77.6310017,bus,bus,2.641527,0,44.29,575.221
SCTD-0104,0,location,540.0,12.9117731,77.6332622,12.9117731,77.6332622,bus,bus,0.0,0,0,575.39
SCTD-0104,1,location,549.146,12.9354315,77.6372584,12.9354315,77.6365188,bus,bus,2.666112,0,0,575.39
SCTD-0104,2,location,560.461,12.9590899,77.6409797,12.9590899,77.6397755,bus,bus,2.661427,2.17,0,575.39
SCTD-0104,3,location,569.606,12.9827483,77.6443119,12.9827483,77.6430321,bus,bus,2.655361,0,0,575.39
SCTD-0104,4,location,578.752,13.0064066,77.6473689,13.0064066,77.6462887,bus,bus,2.651467,0,40.81,575.39
SCTD-0105,0,location,540.0,12.9509667,77.5888606,12.9509667,77.5888606,taxi,taxi,0.0,0,0,550.166
SCTD-0105,1,location,542.411,12.9582776,77.5968126,12.9582776,77.5962842,taxi,taxi,1.184656,0,0,550.166
SCTD-0105,2,location,548.254,12.9655885,77.6045993,12.9655885,77.6037078,taxi,taxi,1.171678,3.433,0,550.166
SCTD-0105,3,location,550.665,12.9728993,77.6121524,12.9728993,77.6111314,taxi,taxi,1.153557,0,0,550.166
SCTD-0105,4,location,553.076,12.9802102,77.6195401,12.9802102,77.618555,taxi,taxi,1.140905,0,72.35,550.166
SCTD-0106,0,location,540.0,12.9377057,77.6177108,12.9377057,77.6177108,taxi,taxi,0.0,0,0,549.092
SCTD-0106,1,location,543.636,12.9469024,77.618383,12.9469024,77.6179311,taxi,taxi,1.025211,0,0,549.092
SCTD-0106,2,location,548.324,12.956099,77.6188638,12.956099,77.6181514,taxi,taxi,1.023947,1.053,0,549.092
SCTD-0106,3,location,551.96,12.9652956,77.619074,12.9652956,77.6183717,taxi,taxi,1.022874,0,0,549.092
SCTD-0106,4,location,555.595,12.9744923,77.6190928,12.9744923,77.618592,taxi,taxi,1.022622,0,61.24,549.092
SCTD-0107,0,location,540.0,12.9315057,77.5796921,12.9315057,77.5796921,bus,bus,0.0,0,0,562.61
SCTD-0107,1,location,546.067,12.9437017,77.5900517,12.9437017,77.589087,bus,bus,1.76055,0,0,562.61
SCTD-0107,2,location,554.164,12.9558977,77.599968,12.9558977,77.5984819,bus,bus,1.730277,2.03,0,562.61
SCTD-0107,3,location,560.231,12.9680936,77.6092573,12.9680936,77.6078768,bus,bus,1.688887,0,0,562.61
SCTD-0107,4,location,566.298,12.9802896,77.6181031,12.9802896,77.6172717,bus,bus,1.660668,0,29.36,562.61
SCTD-0108,0,location,540.0,12.9097534,77.5969298,12.9097534,77.5969298,walk,walk,0.0,0,0,656.634
SCTD-0108,1,location,570.883,12.9225643,77.6142653,12.9225643,77.6139748,walk,walk,2.357814,0,0,656.634
SCTD-0108,2,location,603.892,12.9353751,77.6314772,12.9353751,77.6310198,walk,walk,2.347077,2.126,0,656.634
SCTD-0108,3,location,634.775,12.948186,77.6485143,12.948186,77.6480648,walk,walk,2.331972,0,0,656.634
SCTD-0108,4,location,665.658,12.9609968,77.6654277,12.9609968,77.6651098,walk,walk,2.321303,0,0.0,656.634
SCTD-0109,0,location,540.0,12.9358398,77.5777654,12.9358398,77.5777654,taxi,taxi,0.0,0,0,553.864
SCTD-0109,1,location,544.729,12.9441126,77.5898594,12.9441126,77.5893881,taxi,taxi,1.601254,0,0,553.864
SCTD-0109,2,location,549.741,12.9523855,77.6018297,12.9523855,77.6010109,taxi,taxi,1.590266,0.282,0,553.864
SCTD-0109,3,location,554.47,12.9606584,77.6136251,12.9606584,77.6126336,taxi,taxi,1.574805,0,0,553.864
SCTD-0109,4,location,559.2,12.9689313,77.6252968,12.9689313,77.6242564,taxi,taxi,1.563909,0,92.3,553.864
SCTD-0110,0,location,540.0,12.9512917,77.5984775,12.9512917,77.5984775,walk,walk,0.0,0,0,621.055
SCTD-0110,1,location,560.367,12.96253,77.6084882,12.96253,77.6080076,walk,walk,1.654808,0,0,621.055
SCTD-0110,2,location,582.851,12.9737683,77.618338,12.9737683,77.6175376,walk,walk,1.6434,2.117,0,621.055
SCTD-0110,3,location,603.219,12.9850065,77.6279602,12.9850065,77.6270677,walk,walk,1.627463,0,0,621.055
SCTD-0110,4,location,623.586,12.9962448,77.6374215,12.9962448,77.6365977,walk,walk,1.616317,0,0.0,621.055
SCTD-0111,0,location,540.0,12.9079797,77.6098166,12.9079797,77.6098166,taxi,taxi,0.0,0,0,558.676
SCTD-0111,1,location,544.612,12.9250462,77.6186812,12.9250462,77.6181372,taxi,taxi,2.127063,0,0,558.676
SCTD-0111,2,location,549.568,12.9421128,77.6272505,12.9421128,77.6264578,taxi,taxi,2.112773,0.344,0,558.676
SCTD-0111,3,location,554.18,12.9591794,77.6354022,12.9591794,77.6347784,taxi,taxi,2.093245,0,0,558.676
SCTD-0111,4,location,558.792,12.9762459,77.6432585,12.9762459,77.643099,taxi,taxi,2.079914,0,148.39,558.676
SCTD-0112,0,location,540.0,12.9065707,77.6031333,12.9065707,77.6031333,bus,bus,0.0,0,0,571.414
SCTD-0112,1,location,549.832,12.9275572,77.6072512,12.9275572,77.6061262,bus,bus,2.375891,0,0,571.414
SCTD-0112,2,location,563.321,12.9485437,77.6109523,12.9485437,77.6091191,bus,bus,2.367816,3.657,0,571.414
SCTD-0112,3,location,573.153,12.9695302,77.6140639,12.9695302,77.612112,bus,bus,2.35783,0,0,571.414
SCTD-0112,4,location,582.985,12.9905167,77.6167585,12.9905167,77.6151049,bus,bus,2.351791,0,39.31,571.414
SCTD-0113,0,location,540.0,12.9254151,77.6185141,12.9254151,77.6185141,bus,bus,0.0,0,0,558.284
SCTD-0113,1,location,546.453,12.937746,77.6197851,12.937746,77.6186907,bus,bus,1.378032,0,0,558.284
SCTD-0113,2,location,556.649,12.9500768,77.6206464,12.9500768,77.6188673,bus,bus,1.374304,3.744,0,558.284
SCTD-0113,3,location,563.102,12.9624077,77.6209282,12.9624077,77.619044,bus,bus,1.371471,0,0,558.284
SCTD-0113,4,location,569.554,12.9747386,77.6208002,12.9747386,77.6192206,bus,bus,1.371201,0,24.13,558.284
SCTD-0114,0,location,540.0,12.906837,77.6010824,12.906837,77.6010824,taxi,taxi,0.0,0,0,565.358
SCTD-0114,1,location,546.665,12.9271489,77.6177312,12.9271489,77.6171632,taxi,taxi,2.890873,0,0,565.358
SCTD-0114,2,location,555.211,12.9474608,77.6342693,12.9474608,77.633244,taxi,taxi,2.883307,1.881,0,565.358
SCTD-0114,3,location,561.876,12.9677728,77.6506508,12.9677728,77.6493248,taxi,taxi,2.872694,0,0,565.358
SCTD-0114,4,location,568.54,12.9880847,77.6669214,12.9880847,77.6654057,taxi,taxi,2.865202,0,170.4,565.358
SCTD-0115,0,location,540.0,12.9168855,77.5752879,12.9168855,77.5752879,taxi,taxi,0.0,0,0,565.391
SCTD-0115,1,location,546.146,12.9399892,77.5873729,12.9399892,77.5868119,taxi,taxi,2.88362,0,0,565.391
SCTD-0115,2,location,553.063,12.963093,77.5991673,12.963093,77.598336,taxi,taxi,2.869397,0.771,0,565.391
SCTD-0115,3,location,559.209,12.9861967,77.6105505,12.9861967,77.6098601,taxi,taxi,2.849778,0,0,565.391
SCTD-0115,4,location,565.355,13.0093004,77.6216429,13.0093004,77.6213841,taxi,taxi,2.836233,0,176.47,565.391
SCTD-0116,0,location,540.0,12.9338705,77.5984665,12.9338705,77.5984665,taxi,taxi,0.0,0,0,552.461
SCTD-0116,1,location,542.419,12.940692,77.6101587,12.940692,77.6093458,taxi,taxi,1.476798,0,0,552.461
SCTD-0116,2,location,545.106,12.9475134,77.621446,12.9475134,77.6202251,taxi,taxi,1.439284,0.267,0,552.461
SCTD-0116,3,location,547.526,12.9543348,77.6321604,12.9543348,77.6311044,taxi,taxi,1.386884,0,0,552.461
SCTD-0116,4,location,549.945,12.9611563,77.6424697,12.9611563,77.6419837,taxi,taxi,1.35032,0,82.41,552.461
SCTD-0117,0,location,540.0,12.9620323,77.5901008,12.9620323,77.5901008,taxi,taxi,0.0,0,0,554.098
SCTD-0117,1,location,544.548,12.9674736,77.6041897,12.9674736,77.6036303,taxi,taxi,1.642213,0,0,554.098
SCTD-0117,2,location,551.487,12.9729149,77.618138,12.9729149,77.6171599,taxi,taxi,1.628021,2.392,0,554.098
SCTD-0117,3,location,556.035,12.9783562,77.6318874,12.9783562,77.6306895,taxi,taxi,1.607996,0,0,554.098
SCTD-0117,4,location,560.583,12.9837976,77.645496,12.9837976,77.6442191,taxi,taxi,1.593853,0,94.54,554.098
SCTD-0118,0,location,540.0,12.9425647,77.5955772,12.9425647,77.5955772,walk,walk,0.0,0,0,660.0
SCTD-0118,1,location,571.178,12.9568625,77.6126109,12.9568625,77.6121694,walk,walk,2.436167,0,0,660.0
SCTD-0118,2,location,605.403,12.9711603,77.6294009,12.9711603,77.6287616,walk,walk,2.416149,3.048,0,660.0
SCTD-0118,3,location,636.58,12.9854581,77.6458465,12.9854581,77.6453538,walk,walk,2.388083,0,0,660.0
SCTD-0118,4,location,667.758,12.9997559,77.6620483,12.9997559,77.6619459,walk,walk,2.368371,0,0.0,660.0
SCTD-0119,0,location,540.0,12.9257428,77.6224989,12.9257428,77.6224989,walk,walk,0.0,0,0,594.988
SCTD-0119,1,location,554.445,12.9349634,77.6266181,12.9349634,77.6261695,walk,walk,1.118265,0,0,594.988
SCTD-0119,2,location,569.17,12.9441841,77.6305285,12.9441841,77.6298402,walk,walk,1.109417,0.28,0,594.988
SCTD-0119,3,location,583.614,12.9534047,77.6341435,12.9534047,77.6335109,walk,walk,1.097582,0,0,594.988
SCTD-0119,4,location,598.059,12.9626253,77.6375496,12.9626253,77.6371816,walk,walk,1.089702,0,0.0,594.988
SCTD-0120,0,location,540.0,12.9163901,77.6328474,12.9163901,77.6328474,walk,walk,0.0,0,0,648.534
SCTD-0120,1,location,571.318,12.9355441,77.6298921,12.9355441,77.62898,walk,walk,2.153778,0,0,648.534
SCTD-0120,2,location,605.748,12.954698,77.6264982,12.954698,77.6251125,walk,walk,2.161352,3.112,0,648.534
SCTD-0120,3,location,637.066,12.973852,77.622484,12.973852,77.6212451,walk,walk,2.173794,0,0,648.534
SCTD-0120,4,location,668.383,12.993006,77.6180311,12.993006,77.6173776,walk,walk,2.183796,0,0.0,648.534
SCTD-0121,0,location,540.0,12.9303713,77.6235123,12.9303713,77.6235123,bus,bus,0.0,0,0,564.81
SCTD-0121,1,location,546.726,12.94531,77.6322285,12.94531,77.6312499,bus,bus,1.910907,0,0,564.81
SCTD-0121,2,location,555.48,12.9602488,77.6405764,12.9602488,77.6389876,bus,bus,1.891465,2.028,0,564.81
SCTD-0121,3,location,562.207,12.9751875,77.6484032,12.9751875,77.6467252,bus,bus,1.865094,0,0,564.81
SCTD-0121,4,location,568.933,12.9901262,77.6558614,12.9901262,77.6544629,bus,bus,1.847256,0,29.55,564.81
SCTD-0122,0,location,540.0,12.9304992,77.6173208,12.9304992,77.6173208,taxi,taxi,0.0,0,0,557.17
SCTD-0122,1,location,545.262,12.9464606,77.6250023,12.9464606,77.624356,taxi,taxi,1.960359,0,0,557.17
SCTD-0122,2,location,554.386,12.962422,77.6323957,12.962422,77.6313912,taxi,taxi,1.947287,3.861,0,557.17
SCTD-0122,3,location,559.649,12.9783834,77.6393817,12.9783834,77.6384264,taxi,taxi,1.929522,0,0,557.17
SCTD-0122,4,location,564.911,12.9943448,77.6460796,12.9943448,77.6454616,taxi,taxi,1.917469,0,118.41,557.17
SCTD-0123,0,location,540.0,12.9638028,77.6004214,12.9638028,77.6004214,walk,walk,0.0,0,0,580.397
SCTD-0123,1,location,551.143,12.9677987,77.6071897,12.9677987,77.6066489,walk,walk,0.857509,0,0,580.397
SCTD-0123,2,location,563.689,12.9717945,77.6136625,12.9717945,77.6128765,walk,walk,0.830276,1.402,0,580.397
SCTD-0123,3,location,574.832,12.9757904,77.6197174,12.9757904,77.619104,walk,walk,0.79238,0,0,580.397
SCTD-0123,4,location,585.975,12.9797863,77.6254767,12.9797863,77.6253315,walk,walk,0.766065,0,0.0,580.397
SCTD-0124,0,location,540.0,12.9584087,77.581732,12.9584087,77.581732,taxi,taxi,0.0,0,0,562.65
SCTD-0124,1,location,547.556,12.9710426,77.6021512,12.9710426,77.6013521,taxi,taxi,2.620936,0,0,562.65
SCTD-0124,2,location,556.093,12.9836766,77.6221726,12.9836766,77.6209722,taxi,taxi,2.584555,0.981,0,562.65
SCTD-0124,3,location,563.649,12.9963105,77.6416313,12.9963105,77.6405923,taxi,taxi,2.533504,0,0,562.65
SCTD-0124,4,location,571.205,13.0089444,77.660692,13.0089444,77.6602124,taxi,taxi,2.497649,0,180.19,562.65
SCTD-0125,0,location,540.0,12.928029,77.6150578,12.928029,77.6150578,walk,walk,0.0,0,0,601.279
SCTD-0125,1,location,555.893,12.9366973,77.6222592,12.9366973,77.622043,walk,walk,1.240223,0,0,601.279
SCTD-0125,2,location,572.247,12.9453655,77.6293731,12.9453655,77.6290282,walk,walk,1.234257,0.461,0,601.279
SCTD-0125,3,location,588.14,12.9540338,77.6363632,12.9540338,77.6360134,walk,walk,1.225904,0,0,601.279
SCTD-0125,4,location,604.033,12.9627021,77.6432657,12.9627021,77.6429986,walk,walk,1.220047,0,0.0,601.279
SCTD-0126,0,location,540.0,12.9368689,77.5778985,12.9368689,77.5778985,walk,walk,0.0,0,0,631.942
SCTD-0126,1,location,566.222,12.9493888,77.5898532,12.9493888,77.5889848,walk,walk,1.901708,0,0,631.942
SCTD-0126,2,location,593.611,12.9619088,77.6013518,12.9619088,77.6000711,walk,walk,1.868346,1.166,0,631.942
SCTD-0126,3,location,619.833,12.9744287,77.6122053,12.9744287,77.6111575,walk,walk,1.822431,0,0,631.942
SCTD-0126,4,location,646.055,12.9869486,77.6226026,12.9869486,77.6222438,walk,walk,1.79089,0,0.0,631.942
SCTD-0127,0,location,540.0,12.9371493,77.5850134,12.9371493,77.5850134,walk,walk,0.0,0,0,665.072
SCTD-0127,1,location,576.72,12.9524503,77.6025594,12.9524503,77.6019357,walk,walk,2.551522,0,0,665.072
SCTD-0127,2,location,614.369,12.9677514,77.6199638,12.9677514,77.618858,walk,walk,2.540021,0.929,0,665.072
SCTD-0127,3,location,651.089,12.9830524,77.6371679,12.9830524,77.6357803,walk,walk,2.523861,0,0,665.072
SCTD-0127,4,location,687.809,12.9983534,77.6542304,12.9983534,77.6527026,walk,walk,2.51246,0,0.0,665.072
SCTD-0128,0,location,540.0,12.9564233,77.5901549,12.9564233,77.5901549,bus,bus,0.0,0,0,551.777
SCTD-0128,1,location,544.712,12.9552935,77.5992913,12.9552935,77.598223,bus,bus,0.998005,0,0,551.777
SCTD-0128,2,location,553.239,12.9541637,77.6080442,12.9541637,77.6062912,bus,bus,0.956789,3.815,0,551.777
SCTD-0128,3,location,557.951,12.953034,77.6162547,12.953034,77.6143594,bus,bus,0.898554,0,0,551.777
SCTD-0128,4,location,562.664,12.9519042,77.6240816,12.9519042,77.6224275,bus,bus,0.857422,0,15.57,551.777
SCTD-0129,0,location,540.0,12.9641934,77.6256797,12.9641934,77.6256797,taxi,taxi,0.0,0,0,547.137
SCTD-0129,1,location,542.019,12.9676902,77.6326585,12.9676902,77.6321628,taxi,taxi,0.85033,0,0,547.137
SCTD-0129,2,location,547.69,12.971187,77.6394331,12.971187,77.638646,taxi,taxi,0.830699,3.652,0,547.137
SCTD-0129,3,location,549.709,12.9746837,77.6459188,12.9746837,77.6451292,taxi,taxi,0.803163,0,0,547.137
SCTD-0129,4,location,551.728,12.9781805,77.6522002,12.9781805,77.6516123,taxi,taxi,0.78386,0,54.53,547.137
SCTD-0130,0,location,540.0,12.9331618,77.5922308,12.9331618,77.5922308,bus,bus,0.0,0,0,573.605
SCTD-0130,1,location,549.191,12.9477846,77.6108355,12.9477846,77.6100023,bus,bus,2.590166,0,0,573.605
SCTD-0130,2,location,559.552,12.9624075,77.6290988,12.9624075,77.6277739,bus,bus,2.561385,1.17,0,573.605
SCTD-0130,3,location,568.743,12.9770304,77.6468793,12.9770304,77.6455454,bus,bus,2.521085,0,0,573.605
SCTD-0130,4,location,577.934,12.9916532,77.6643182,12.9916532,77.6633169,bus,bus,2.492835,0,42.1,573.605
SCTD-0131,0,location,540.0,12.9472136,77.6203947,12.9472136,77.6203947,taxi,taxi,0.0,0,0,543.405
SCTD-0131,1,location,540.692,12.9505634,77.620534,12.9505634,77.6195686,taxi,taxi,0.37279,0,0,543.405
SCTD-0131,2,location,544.013,12.9539133,77.6202853,12.9539133,77.6187424,taxi,taxi,0.373457,2.628,0,543.405
SCTD-0131,3,location,544.706,12.9572631,77.6194878,12.9572631,77.6179163,taxi,taxi,0.382378,0,0,543.405
SCTD-0131,4,location,545.398,12.9606129,77.6183023,12.9606129,77.6170902,taxi,taxi,0.394017,0,24.53,543.405
SCTD-0132,0,location,540.0,12.9379296,77.6311404,12.9379296,77.6311404,bus,bus,0.0,0,0,557.488
SCTD-0132,1,location,546.093,12.9448839,77.641453,12.9448839,77.6409166,bus,bus,1.359034,0,0,557.488
SCTD-0132,2,location,554.148,12.9518382,77.6514655,12.9518382,77.6506928,bus,bus,1.332388,1.962,0,557.488
SCTD-0132,3,location,560.241,12.9587925,77.6610535,12.9587925,77.660469,bus,bus,1.295175,0,0,557.488
SCTD-0132,4,location,566.334,12.9657468,77.6703412,12.9657468,77.6702452,bus,bus,1.269203,0,20.69,557.488
SCTD-0133,0,location,540.0,12.9373088,77.5930586,12.9373088,77.5930586,taxi,taxi,0.0,0,0,560.134
SCTD-0133,1,location,545.379,12.9514518,77.6084646,12.9514518,77.6081022,taxi,taxi,2.293583,0,0,560.134
SCTD-0133,2,location,551.827,12.9655949,77.6237614,12.9655949,77.6231457,taxi,taxi,2.284922,1.069,0,560.134
SCTD-0133,3,location,557.206,12.9797379,77.6389039,12.9797379,77.6381892,taxi,taxi,2.272751,0,0,560.134
SCTD-0133,4,location,562.585,12.9938809,77.6539373,12.9938809,77.6532328,taxi,taxi,2.264161,0,139.39,560.134
SCTD-0134,0,location,540.0,12.9217247,77.6131923,12.9217247,77.6131923,bus,bus,0.0,0,0,571.37
SCTD-0134,1,location,550.326,12.9396747,77.6255129,12.9396747,77.6246877,bus,bus,2.401403,0,0,571.37
SCTD-0134,2,location,564.216,12.9576247,77.6375052,12.9576247,77.6361831,bus,bus,2.381745,3.564,0,571.37
SCTD-0134,3,location,574.542,12.9755747,77.6490329,12.9755747,77.6476785,bus,bus,2.354605,0,0,571.37
SCTD-0134,4,location,584.867,12.9935247,77.6602321,12.9935247,77.6591739,bus,bus,2.335867,0,37.63,571.37
SCTD-0135,0,location,540.0,12.9273763,77.6104435,12.9273763,77.6104435,taxi,taxi,0.0,0,0,553.422
SCTD-0135,1,location,543.097,12.9401526,77.615869,12.9401526,77.6151646,taxi,taxi,1.537538,0,0,553.422
SCTD-0135,2,location,547.99,12.952929,77.6210207,12.952929,77.6198856,taxi,taxi,1.52642,1.796,0,553.422
SCTD-0135,3,location,551.087,12.9657053,77.6257848,12.9657053,77.6246067,taxi,taxi,1.511558,0,0,553.422
SCTD-0135,4,location,554.184,12.9784816,77.6302749,12.9784816,77.6293278,taxi,taxi,1.501667,0,101.53,553.422
SCTD-0136,0,location,540.0,12.9231196,77.5801011,12.9231196,77.5801011,walk,walk,0.0,0,0,684.058
SCTD-0136,1,location,573.69,12.9440234,77.5963864,12.9440234,77.5958119,walk,walk,2.91852,0,0,684.058
SCTD-0136,2,location,609.72,12.9649273,77.6125695,12.9649273,77.6115228,walk,walk,2.911742,2.34,0,684.058
SCTD-0136,3,location,643.41,12.9858311,77.6286078,12.9858311,77.6272336,walk,walk,2.902237,0,0,684.058
SCTD-0136,4,location,677.1,13.006735,77.6445438,13.006735,77.6429444,walk,walk,2.895524,0,0.0,684.058
SCTD-0137,0,location,540.0,12.963577,77.5822901,12.963577,77.5822901,taxi,taxi,0.0,0,0,557.059
SCTD-0137,1,location,545.907,12.9728523,77.5976921,12.9728523,77.597227,taxi,taxi,1.96191,0,0,557.059
SCTD-0137,2,location,553.931,12.9821276,77.6128453,12.9821276,77.6121639,taxi,taxi,1.938974,2.117,0,557.059
SCTD-0137,3,location,559.837,12.9914029,77.6276465,12.9914029,77.6271008,taxi,taxi,1.90674,0,0,557.059
SCTD-0137,4,location,565.744,13.0006782,77.6421988,13.0006782,77.6420377,taxi,taxi,1.884066,0,121.35,557.059
SCTD-0138,0,location,540.0,12.9585324,77.6285216,12.9585324,77.6285216,taxi,taxi,0.0,0,0,554.181
SCTD-0138,1,location,543.669,12.9700986,77.6377822,12.9700986,77.6372344,taxi,taxi,1.631267,0,0,554.181
SCTD-0138,2,location,548.202,12.9816648,77.6467408,12.9816648,77.6459471,taxi,taxi,1.611323,0.864,0,554.181
SCTD-0138,3,location,551.871,12.9932309,77.6552725,12.9932309,77.6546599,taxi,taxi,1.583855,0,0,554.181
SCTD-0138,4,location,555.54,13.0047971,77.6635022,13.0047971,77.6633726,taxi,taxi,1.56496,0,95.76,554.181
SCTD-0139,0,location,540.0,12.9357621,77.5789887,12.9357621,77.5789887,walk,walk,0.0,0,0,697.672
SCTD-0139,1,location,587.018,12.9532052,77.6027119,12.9532052,77.601935,walk,walk,3.220453,0,0,697.672
SCTD-0139,2,location,635.013,12.9706483,77.626039,12.9706483,77.6248813,walk,walk,3.186152,0.977,0,697.672
SCTD-0139,3,location,682.031,12.9880913,77.6488057,12.9880913,77.6478276,walk,walk,3.138065,0,0,697.672
SCTD-0139,4,location,729.049,13.0055344,77.6711762,13.0055344,77.6707739,walk,walk,3.104291,0,0.0,697.672
SCTD-0140,0,location,540.0,12.9190413,77.5750267,12.9190413,77.5750267,walk,walk,0.0,0,0,708.328
SCTD-0140,1,location,582.48,12.9379311,77.5996868,12.9379311,77.5993055,walk,walk,3.399191,0,0,708.328
SCTD-0140,2,location,627.253,12.9568209,77.6241941,12.9568209,77.6235842,walk,walk,3.386041,2.293,0,708.328
SCTD-0140,3,location,669.732,12.9757107,77.6484856,12.9757107,77.647863,walk,walk,3.36756,0,0,708.328
SCTD-0140,4,location,712.212,12.9946005,77.6726243,12.9946005,77.6721417,walk,walk,3.354484,0,0.0,708.328
SCTD-0141,0,location,540.0,12.9274224,77.6341318,12.9274224,77.6341318,walk,walk,0.0,0,0,599.621
SCTD-0141,1,location,553.668,12.9364303,77.6407359,12.9364303,77.6401018,walk,walk,1.231069,0,0,599.621
SCTD-0141,2,location,567.963,12.9454383,77.6471702,12.9454383,77.6460718,walk,walk,1.220452,0.628,0,599.621
SCTD-0141,3,location,581.631,12.9544463,77.6533645,12.9544463,77.6520419,walk,walk,1.205764,0,0,599.621
SCTD-0141,4,location,595.299,12.9634542,77.659389,12.9634542,77.6580119,walk,walk,1.195607,0,0.0,599.621
SCTD-0142,0,location,540.0,12.9408934,77.6287536,12.9408934,77.6287536,walk,walk,0.0,0,0,591.932
SCTD-0142,1,location,554.335,12.9502269,77.6300434,12.9502269,77.6291297,walk,walk,1.0472,0,0,591.932
SCTD-0142,2,location,569.674,12.9595603,77.6309649,12.9595603,77.6295059,walk,walk,1.042624,1.004,0,591.932
SCTD-0142,3,location,584.009,12.9688937,77.6313656,12.9688937,77.629882,walk,walk,1.038738,0,0,591.932
SCTD-0142,4,location,598.344,12.9782271,77.6313979,12.9782271,77.6302581,walk,walk,1.037837,0,0.0,591.932
SCTD-0143,0,location,540.0,12.9190096,77.5984154,12.9190096,77.5984154,walk,walk,0.0,0,0,651.657
SCTD-0143,1,location,567.265,12.9280696,77.6176332,12.9280696,77.6168055,walk,walk,2.31364,0,0,651.657
SCTD-0143,2,location,595.602,12.9371297,77.6365356,12.9371297,77.6351957,walk,walk,2.282855,1.072,0,651.657
SCTD-0143,3,location,622.867,12.9461897,77.6549919,12.9461897,77.6535858,walk,walk,2.239515,0,0,651.657
SCTD-0143,4,location,650.132,12.9552498,77.6731329,12.9552498,77.6719759,walk,walk,2.208976,0,0.0,651.657
SCTD-0144,0,location,540.0,12.9302286,77.618715,12.9302286,77.618715,taxi,taxi,0.0,0,0,549.034
SCTD-0144,1,location,542.499,12.9371403,77.6255918,12.9371403,77.6248508,taxi,taxi,1.07055,0,0,549.034
SCTD-0144,2,location,547.226,12.944052,77.6322732,12.944052,77.6309866,taxi,taxi,1.055914,2.227,0,549.034
SCTD-0144,3,location,549.725,12.9509637,77.6386785,12.9509637,77.6371224,taxi,taxi,1.035606,0,0,549.034
SCTD-0144,4,location,552.224,12.9578754,77.6448885,12.9578754,77.6432582,taxi,taxi,1.021529,0,62.42,549.034
SCTD-0145,0,location,540.0,12.9445286,77.608184,12.9445286,77.608184,walk,walk,0.0,0,0,622.186
SCTD-0145,1,location,562.272,12.9560167,77.6182464,12.9560167,77.6177301,walk,walk,1.679529,0,0,622.186
SCTD-0145,2,location,585.239,12.9675047,77.6280922,12.9675047,77.6272763,walk,walk,1.664354,0.696,0,622.186
SCTD-0145,3,location,607.511,12.9789927,77.6376316,12.9789927,77.6368224,walk,walk,1.64324,0,0,622.186
SCTD-0145,4,location,629.783,12.9904807,77.6469543,12.9904807,77.6463686,walk,walk,1.628545,0,0.0,622.186
SCTD-0146,0,location,540.0,12.9335143,77.6295175,12.9335143,77.6295175,bus,bus,0.0,0,0,548.563
SCTD-0146,1,location,543.747,12.9392732,77.6296621,12.9392732,77.6290679,bus,bus,0.64055,0,0,548.563
SCTD-0146,2,location,550.119,12.9450321,77.6294872,12.9450321,77.6286183,bus,bus,0.640639,2.625,0,548.563
SCTD-0146,3,location,553.866,12.950791,77.6288603,12.950791,77.6281688,bus,bus,0.643952,0,0,548.563
SCTD-0146,4,location,557.614,12.9565498,77.6279138,12.9565498,77.6277192,bus,bus,0.64852,0,10.51,548.563
SCTD-0147,0,location,540.0,12.9589397,77.6012835,12.9589397,77.6012835,taxi,taxi,0.0,0,0,552.039
SCTD-0147,1,location,542.288,12.9665331,77.6118466,12.9665331,77.6110561,taxi,taxi,1.422353,0,0,552.039
SCTD-0147,2,location,548.522,12.9741264,77.6221117,12.9741264,77.6208286,taxi,taxi,1.396474,3.946,0,552.039
SCTD-0147,3,location,550.809,12.9817197,77.6319554,12.9817197,77.6306012,taxi,taxi,1.360355,0,0,552.039
SCTD-0147,4,location,553.097,12.989313,77.641501,12.989313,77.6403737,taxi,taxi,1.335161,0,94.74,552.039
SCTD-0148,0,location,540.0,12.9236006,77.6123645,12.9236006,77.6123645,taxi,taxi,0.0,0,0,560.96
SCTD-0148,1,location,546.094,12.9438054,77.6197928,12.9438054,77.6189716,taxi,taxi,2.386553,0,0,560.96
SCTD-0148,2,location,552.734,12.9640102,77.6269168,12.9640102,77.6255786,taxi,taxi,2.375608,0.547,0,560.96
SCTD-0148,3,location,558.828,12.984215,77.6336102,12.984215,77.6321857,taxi,taxi,2.360839,0,0,560.96
SCTD-0148,4,location,564.922,13.0044198,77.639999,13.0044198,77.6387928,taxi,taxi,2.350894,0,163.22,560.96
SCTD-0149,0,location,540.0,12.9220029,77.593754,12.9220029,77.593754,taxi,taxi,0.0,0,0,550.987
SCTD-0149,1,location,542.587,12.9314557,77.6005297,12.9314557,77.5997553,taxi,taxi,1.282202,0,0,550.987
SCTD-0149,2,location,545.741,12.9409084,77.6069325,12.9409084,77.6057567,taxi,taxi,1.259479,0.567,0,550.987
SCTD-0149,3,location,548.328,12.9503611,77.6128078,12.9503611,77.611758,taxi,taxi,1.228903,0,0,550.987
SCTD-0149,4,location,550.914,12.9598139,77.6183102,12.9598139,77.6177593,taxi,taxi,1.208445,0,78.34,550.987
SCTD-0150,0,location,540.0,12.9629636,77.6264504,12.9629636,77.6264504,taxi,taxi,0.0,0,0,550.396
SCTD-0150,1,location,544.056,12.9734356,77.6260342,12.9734356,77.6254421,taxi,taxi,1.165314,0,0,550.396
SCTD-0150,2,location,551.002,12.9839077,77.6254299,12.9839077,77.6244337,taxi,taxi,1.166282,2.891,0,550.396
SCTD-0150,3,location,555.057,12.9943797,77.6245593,12.9943797,77.6234254,taxi,taxi,1.168256,0,0,550.396
SCTD-0150,4,location,559.113,13.0048518,77.6235004,13.0048518,77.622417,taxi,taxi,1.170079,0,71.06,550.396
SCTD-0151,0,location,540.0,12.9455638,77.6273191,12.9455638,77.6273191,taxi,taxi,0.0,0,0,552.223
SCTD-0151,1,location,542.069,12.9516678,77.638858,12.9516678,77.6383556,taxi,taxi,1.42277,0,0,552.223
SCTD-0151,2,location,546.605,12.9577717,77.6502895,12.9577717,77.649392,taxi,taxi,1.412524,2.468,0,552.223
SCTD-0151,3,location,548.674,12.9638757,77.661569,12.9638757,77.6604284,taxi,taxi,1.398083,0,0,552.223
SCTD-0151,4,location,550.742,12.9699797,77.6727411,12.9699797,77.6714649,taxi,taxi,1.387891,0,89.57,552.223
SCTD-0152,0,location,540.0,12.9279677,77.6040732,12.9279677,77.6040732,taxi,taxi,0.0,0,0,559.335
SCTD-0152,1,location,540.578,12.9401376,77.6200471,12.9401376,77.6197884,taxi,taxi,2.197304,0,0,559.335
SCTD-0152,2,location,545.095,12.9523075,77.635929,12.9523075,77.6355036,taxi,taxi,2.189388,3.939,0,559.335
SCTD-0152,3,location,545.673,12.9644775,77.6516806,12.9644775,77.6512188,taxi,taxi,2.178249,0,0,559.335
SCTD-0152,4,location,546.251,12.9766474,77.6673403,12.9766474,77.666934,taxi,taxi,2.170375,0,136.0,559.335
SCTD-0153,0,location,540.0,12.9563744,77.5918302,12.9563744,77.5918302,bus,bus,0.0,0,0,570.605
SCTD-0153,1,location,542.666,12.9670312,77.6106075,12.9670312,77.6099725,bus,bus,2.354653,0,0,570.605
SCTD-0153,2,location,548.583,12.977688,77.6290587,12.977688,77.6281149,bus,bus,2.324104,3.251,0,570.605
SCTD-0153,3,location,551.248,12.9883448,77.6470485,12.9883448,77.6462572,bus,bus,2.28117,0,0,570.605
SCTD-0153,4,location,553.914,12.9990016,77.6647121,12.9990016,77.6643996,bus,bus,2.250967,0,34.76,570.605
SCTD-0154,0,location,540.0,12.9186436,77.6224944,12.9186436,77.6224944,taxi,taxi,0.0,0,0,562.663
SCTD-0154,1,location,541.328,12.9412516,77.6268721,12.9412516,77.6264176,taxi,taxi,2.558281,0,0,562.663
SCTD-0154,2,location,543.529,12.9638597,77.6311249,12.9638597,77.6303407,taxi,taxi,2.555798,0.873,0,562.663
SCTD-0154,3,location,544.856,12.9864677,77.6352009,12.9864677,77.6342638,taxi,taxi,2.552408,0,0,562.663
SCTD-0154,4,location,546.184,13.0090758,77.639152,13.0090758,77.6381869,taxi,taxi,2.550093,0,155.82,562.663
SCTD-0155,0,location,540.0,12.9219292,77.5785237,12.9219292,77.5785237,taxi,taxi,0.0,0,0,565.857
SCTD-0155,1,location,542.209,12.9347245,77.6024776,12.9347245,77.6019367,taxi,taxi,2.960348,0,0,565.857
SCTD-0155,2,location,544.854,12.9475197,77.6261879,12.9475197,77.6253498,taxi,taxi,2.937107,0.435,0,565.857
SCTD-0155,3,location,547.063,12.9603149,77.6495535,12.9603149,77.6487628,taxi,taxi,2.904379,0,0,565.857
SCTD-0155,4,location,549.272,12.9731102,77.6726755,12.9731102,77.6721758,taxi,taxi,2.881272,0,189.92,565.857
SCTD-0156,0,location,540.0,12.9247966,77.5772889,12.9247966,77.5772889,walk,walk,0.0,0,0,633.719
SCTD-0156,1,location,541.631,12.9318006,77.5937539,12.9318006,77.5930211,walk,walk,1.946961,0,0,633.719
SCTD-0156,2,location,545.831,12.9388045,77.6099109,12.9388045,77.6087532,walk,walk,1.916379,2.57,0,633.719
SCTD-0156,3,location,547.462,12.9458084,77.6256325,12.9458084,77.6244854,walk,walk,1.873312,0,0,633.719
SCTD-0156,4,location,549.092,12.9528124,77.6410461,12.9528124,77.6402175,walk,walk,1.842969,0,0.0,633.719
SCTD-0157,0,location,540.0,12.938339,77.6053896,12.938339,77.6053896,taxi,taxi,0.0,0,0,561.585
SCTD-0157,1,location,542.191,12.9550082,77.6210217,12.9550082,77.6198672,taxi,taxi,2.511029,0,0,561.585
SCTD-0157,2,location,545.583,12.9716773,77.6362139,12.9716773,77.6343449,taxi,taxi,2.479046,1.201,0,561.585
SCTD-0157,3,location,547.774,12.9883464,77.6507838,12.9883464,77.6488225,taxi,taxi,2.434722,0,0,561.585
SCTD-0157,4,location,549.965,13.0050155,77.6649136,13.0050155,77.6633001,taxi,taxi,2.404011,0,172.05,561.585
SCTD-0158,0,location,540.0,12.9058956,77.6170722,12.9058956,77.6170722,walk,walk,0.0,0,0,625.501
SCTD-0158,1,location,540.309,12.9170193,77.6284334,12.9170193,77.6279674,walk,walk,1.745332,0,0,625.501
SCTD-0158,2,location,543.508,12.928143,77.639715,12.928143,77.6388625,walk,walk,1.73922,2.89,0,625.501
SCTD-0158,3,location,543.817,12.9392667,77.650884,12.9392667,77.6497577,walk,walk,1.730628,0,0,625.501
SCTD-0158,4,location,544.126,12.9503904,77.6619735,12.9503904,77.6606529,walk,walk,1.724568,0,0.0,625.501
SCTD-0159,0,location,540.0,12.9200265,77.6050881,12.9200265,77.6050881,bus,bus,0.0,0,0,563.463
SCTD-0159,1,location,540.835,12.9355896,77.6086343,12.9355896,77.6080345,bus,bus,1.772702,0,0,563.463
SCTD-0159,2,location,545.512,12.9511527,77.611935,12.9511527,77.6109809,bus,bus,1.767116,3.842,0,563.463
SCTD-0159,3,location,546.347,12.9667158,77.6148881,12.9667158,77.6139274,bus,bus,1.759877,0,0,563.463
SCTD-0159,4,location,547.182,12.9822788,77.6175955,12.9822788,77.6168738,bus,bus,1.755227,0,28.09,563.463
SCTD-0160,0,location,540.0,12.9610425,77.6280211,12.9610425,77.6280211,taxi,taxi,0.0,0,0,545.988
SCTD-0160,1,location,541.741,12.9670499,77.6278005,12.9670499,77.6272157,taxi,taxi,0.668421,0,0,545.988
SCTD-0160,2,location,543.905,12.9730573,77.6273119,12.9730573,77.6264102,taxi,taxi,0.67009,0.424,0,545.988
SCTD-0160,3,location,545.646,12.9790647,77.626444,12.9790647,77.6256048,taxi,taxi,0.674581,0,0,545.988
SCTD-0160,4,location,547.386,12.9850721,77.6253079,12.9850721,77.6247993,taxi,taxi,0.679241,0,42.35,545.988
SCTD-0161,0,location,540.0,12.9061937,77.6344297,12.9061937,77.6344297,bus,bus,0.0,0,0,567.267
SCTD-0161,1,location,541.378,12.9231142,77.6423899,12.9231142,77.6418244,bus,bus,2.069851,0,0,567.267
SCTD-0161,2,location,545.492,12.9400347,77.6500913,12.9400347,77.6492192,bus,bus,2.058296,2.735,0,567.267
SCTD-0161,3,location,546.87,12.9569552,77.6574267,12.9569552,77.6566139,bus,bus,2.042511,0,0,567.267
SCTD-0161,4,location,548.248,12.9738757,77.6645032,12.9738757,77.6640086,bus,bus,2.031737,0,29.96,567.267
SCTD-0162,0,location,540.0,12.9174068,77.5939829,12.9174068,77.5939829,walk,walk,0.0,0,0,665.596
SCTD-0162,1,location,540.578,12.9328112,77.6116793,12.9328112,77.6109373,walk,walk,2.571445,0,0,665.596
SCTD-0162,2,location,542.29,12.9482156,77.6291118,12.9482156,77.6278918,walk,walk,2.550096,1.134,0,665.596
SCTD-0162,3,location,542.868,12.96362,77.6461709,12.96362,77.6448462,walk,walk,2.520185,0,0,665.596
SCTD-0162,4,location,543.446,12.9790244,77.662966,12.9790244,77.6618007,walk,walk,2.499191,0,0.0,665.596
SCTD-0163,0,location,540.0,12.9178274,77.615052,12.9178274,77.615052,taxi,taxi,0.0,0,0,552.34
SCTD-0163,1,location,540.908,12.9303112,77.6158796,12.9303112,77.6152242,taxi,taxi,1.391027,0,0,552.34
SCTD-0163,2,location,541.858,12.9427949,77.6165217,12.9427949,77.6153964,taxi,taxi,1.389875,0.041,0,552.34
SCTD-0163,3,location,542.766,12.9552787,77.6169014,12.9552787,77.6155686,taxi,taxi,1.388742,0,0,552.34
SCTD-0163,4,location,543.674,12.9677624,77.6170956,12.9677624,77.6157408,taxi,taxi,1.388292,0,82.2,552.34
SCTD-0164,0,location,540.0,12.9272575,77.6046808,12.9272575,77.6046808,walk,walk,0.0,0,0,669.659
SCTD-0164,1,location,541.7,12.9440421,77.6220836,12.9440421,77.621295,walk,walk,2.653351,0,0,669.659
SCTD-0164,2,location,547.112,12.9608267,77.6391197,12.9608267,77.6379091,walk,walk,2.625168,3.712,0,669.659
SCTD-0164,3,location,548.811,12.9776112,77.6556371,12.9776112,77.6545232,walk,walk,2.585867,0,0,669.659
SCTD-0164,4,location,550.511,12.9943958,77.6717877,12.9943958,77.6711374,walk,walk,2.558435,0,0.0,669.659
SCTD-0165,0,location,540.0,12.943618,77.5990499,12.943618,77.5990499,bus,bus,0.0,0,0,561.054
SCTD-0165,1,location,540.681,12.9487329,77.6135548,12.9487329,77.6126436,bus,bus,1.671604,0,0,561.054
SCTD-0165,2,location,541.472,12.9538479,77.6276248,12.9538479,77.6262372,bus,bus,1.627341,0.11,0,561.054
SCTD-0165,3,location,542.153,12.9589628,77.6410798,12.9589628,77.6398309,bus,bus,1.565043,0,0,561.054
SCTD-0165,4,location,542.834,12.9640777,77.6540998,12.9640777,77.6534245,bus,bus,1.521206,0,26.85,561.054
SCTD-0166,0,location,540.0,12.9074338,77.6186565,12.9074338,77.6186565,taxi,taxi,0.0,0,0,552.742
SCTD-0166,1,location,542.704,12.9194716,77.6242122,12.9194716,77.6233905,taxi,taxi,1.467741,0,0,552.742
SCTD-0166,2,location,547.796,12.9315094,77.6294009,12.9315094,77.6281244,taxi,taxi,1.451869,2.387,0,552.742
SCTD-0166,3,location,550.5,12.9435471,77.6340706,12.9435471,77.6328583,taxi,taxi,1.431014,0,0,552.742
SCTD-0166,4,location,553.205,12.9555849,77.6383733,12.9555849,77.6375923,taxi,taxi,1.417429,0,86.42,552.742
SCTD-0167,0,location,540.0,12.9412775,77.6256534,12.9412775,77.6256534,taxi,taxi,0.0,0,0,551.958
SCTD-0167,1,location,540.476,12.9533753,77.6263088,12.9533753,77.6256075,taxi,taxi,1.347092,0,0,551.958
SCTD-0167,2,location,543.468,12.9654731,77.6267234,12.9654731,77.6255616,taxi,taxi,1.345968,2.516,0,551.958
SCTD-0167,3,location,543.944,12.977571,77.6267974,12.977571,77.6255158,taxi,taxi,1.345242,0,0,551.958
SCTD-0167,4,location,544.42,12.9896688,77.6266305,12.9896688,77.6254699,taxi,taxi,1.34534,0,87.59,551.958
SCTD-0168,0,location,540.0,12.9113524,77.5984363,12.9113524,77.5984363,walk,walk,0.0,0,0,676.542
SCTD-0168,1,location,543.465,12.9354736,77.603977,12.9354736,77.603173,walk,walk,2.748562,0,0,676.542
SCTD-0168,2,location,548.292,12.9595949,77.609169,12.9595949,77.6079097,walk,walk,2.740541,1.363,0,676.542
SCTD-0168,3,location,551.757,12.9837161,77.6138674,12.9837161,77.6126464,walk,walk,2.730055,0,0,676.542
SCTD-0168,4,location,555.222,13.0078373,77.6182168,13.0078373,77.6173832,walk,walk,2.723247,0,0.0,676.542
SCTD-0169,0,location,540.0,12.937312,77.6286031,12.937312,77.6286031,taxi,taxi,0.0,0,0,549.394
SCTD-0169,1,location,540.312,12.9467797,77.6283505,12.9467797,77.6277455,taxi,taxi,1.053116,0,0,549.394
SCTD-0169,2,location,544.338,12.9562474,77.6277998,12.9562474,77.6268879,taxi,taxi,1.054451,3.714,0,549.394
SCTD-0169,3,location,544.65,12.965715,77.6268273,12.965715,77.6260302,taxi,taxi,1.058021,0,0,549.394
SCTD-0169,4,location,544.962,12.9751827,77.6255566,12.9751827,77.6251726,taxi,taxi,1.061727,0,72.1,549.394
SCTD-0170,0,location,540.0,12.9479087,77.5869606,12.9479087,77.5869606,walk,walk,0.0,0,0,598.429
SCTD-0170,1,location,542.228,12.9526157,77.5976997,12.9526157,77.5966023,walk,walk,1.276045,0,0,598.429
SCTD-0170,2,location,548.274,12.9573226,77.6079928,12.9573226,77.6062441,walk,walk,1.232107,3.818,0,598.429
SCTD-0170,3,location,550.502,12.9620296,77.6176552,12.9620296,77.6158858,walk,walk,1.170569,0,0,598.429
SCTD-0170,4,location,552.73,12.9667366,77.6268715,12.9667366,77.6255276,walk,walk,1.127525,0,0.0,598.429
SCTD-0171,0,location,540.0,12.9215384,77.5931808,12.9215384,77.5931808,taxi,taxi,0.0,0,0,563.049
SCTD-0171,1,location,549.212,12.9428812,77.627467,12.9428812,77.6028215,taxi,taxi,4.408968,0,0,563.049
SCTD-0171,2,location,560.631,12.964224,77.6473831,12.964224,77.6124623,taxi,taxi,3.207815,2.207,0,563.049
SCTD-0171,3,location,569.843,12.9855668,77.646971,12.9855668,77.622103,taxi,taxi,2.373635,0,0,563.049
SCTD-0171,4,location,579.055,13.0069096,77.6321805,13.0069096,77.6317437,taxi,taxi,2.863597,0,208.4,563.049
SCTD-0172,0,location,540.0,12.9468201,77.6059395,12.9468201,77.6059395,bus,bus,0.0,0,0,565.822
SCTD-0172,1,location,548.311,12.9556417,77.6359504,12.9556417,77.62135,bus,bus,3.396888,0,0,565.822
SCTD-0172,2,location,560.43,12.9644634,77.6576362,12.9644634,77.6367605,bus,bus,2.546446,3.808,0,565.822
SCTD-0172,3,location,568.742,12.973285,77.6675472,12.973285,77.652171,bus,bus,1.454493,0,0,565.822
SCTD-0172,4,location,577.053,12.9821067,77.669131,12.9821067,77.6675816,bus,bus,0.995823,0,37.44,565.822
SCTD-0173,0,location,540.0,12.9548154,77.6314759,12.9548154,77.6314759,taxi,taxi,0.0,0,0,547.446
SCTD-0173,1,location,545.372,12.9618469,77.6532212,12.9618469,77.6342513,taxi,taxi,2.482726,0,0,547.446
SCTD-0173,2,location,553.88,12.9688785,77.6640865,12.9688785,77.6370267,taxi,taxi,1.413337,3.137,0,547.446
SCTD-0173,3,location,559.252,12.97591,77.6595637,12.97591,77.6398021,taxi,taxi,0.922768,0,0,547.446
SCTD-0173,4,location,564.624,12.9829415,77.6441588,12.9829415,77.6425775,taxi,taxi,1.843235,0,105.29,547.446
SCTD-0174,0,location,540.0,12.9182137,77.5934147,12.9182137,77.5934147,taxi,taxi,0.0,0,0,562.181
SCTD-0174,1,location,547.361,12.9398704,77.6147708,12.9398704,77.5994511,taxi,taxi,3.340039,0,0,562.181
SCTD-0174,2,location,556.335,12.9615271,77.62729,12.9615271,77.6054874,taxi,taxi,2.763979,1.614,0,562.181
SCTD-0174,3,location,563.696,12.9831838,77.6273083,12.9831838,77.6115238,taxi,taxi,2.40812,0,0,562.181
SCTD-0174,4,location,571.057,13.0048405,77.6184846,13.0048405,77.6175601,taxi,taxi,2.590951,0,181.75,562.181
SCTD-0175,0,location,540.0,12.9568336,77.5972408,12.9568336,77.5972408,bus,bus,0.0,0,0,560.25
SCTD-0175,1,location,548.483,12.9691952,77.6213217,12.9691952,77.6032017,bus,bus,2.949326,0,0,560.25
SCTD-0175,2,location,558.254,12.9815568,77.634873,12.9815568,77.6091625,bus,bus,2.011339,1.288,0,560.25
SCTD-0175,3,location,566.737,12.9939184,77.6335307,12.9939184,77.6151234,bus,bus,1.382224,0,0,560.25
SCTD-0175,4,location,575.22,13.0062801,77.6216553,13.0062801,77.6210842,bus,bus,1.882772,0,35.32,560.25
SCTD-0176,0,location,540.0,12.9433296,77.6234673,12.9433296,77.6234673,taxi,taxi,0.0,0,0,554.333
SCTD-0176,1,location,547.028,12.9578134,77.6449636,12.9578134,77.6227332,taxi,taxi,2.832011,0,0,554.333
SCTD-0176,2,location,557.86,12.9722971,77.6536373,12.9722971,77.6219991,taxi,taxi,1.864714,3.804,0,554.333
SCTD-0176,3,location,564.888,12.9867809,77.6441734,12.9867809,77.621265,taxi,taxi,1.909275,0,0,554.333
SCTD-0176,4,location,571.916,13.0012646,77.6218817,13.0012646,77.6205309,taxi,taxi,2.902966,0,144.96,554.333
SCTD-0177,0,location,540.0,12.9605657,77.6177287,12.9605657,77.6177287,bus,bus,0.0,0,0,553.143
SCTD-0177,1,location,546.152,12.9689658,77.6406418,12.9689658,77.6206362,bus,bus,2.652754,0,0,553.143
SCTD-0177,2,location,552.932,12.9773659,77.6519854,12.9773659,77.6235437,bus,bus,1.54378,0.629,0,553.143
SCTD-0177,3,location,559.083,12.985766,77.6469652,12.985766,77.6264511,bus,bus,1.080891,0,0,553.143
SCTD-0177,4,location,565.235,12.9941661,77.6303729,12.9941661,77.6293586,bus,bus,2.02594,0,25.15,553.143
SCTD-0178,0,location,540.0,12.9423351,77.6079133,12.9423351,77.6079133,bus,bus,0.0,0,0,554.529
SCTD-0178,1,location,547.487,12.9478607,77.6384948,12.9478607,77.6162181,bus,bus,3.370556,0,0,554.529
SCTD-0178,2,location,557.295,12.9533862,77.6562336,12.9533862,77.6245228,bus,bus,2.018104,2.321,0,554.529
SCTD-0178,3,location,564.782,12.9589118,77.6558089,12.9589118,77.6328275,bus,bus,0.616139,0,0,554.529
SCTD-0178,4,location,572.269,12.9644374,77.6425397,12.9644374,77.6411322,bus,bus,1.563651,0,30.02,554.529
SCTD-0179,0,location,540.0,12.9359938,77.5789031,12.9359938,77.5789031,taxi,taxi,0.0,0,0,561.459
SCTD-0179,1,location,547.418,12.9460112,77.6150455,12.9460112,77.5986679,taxi,taxi,4.072083,0,0,561.459
SCTD-0179,2,location,554.984,12.9560285,77.6417927,12.9560285,77.6184328,taxi,taxi,3.105166,0.147,0,561.459
SCTD-0179,3,location,562.403,12.9660459,77.6552514,12.9660459,77.6381976,taxi,taxi,1.835132,0,0,561.459
SCTD-0179,4,location,569.821,12.9760633,77.6593124,12.9760633,77.6579624,taxi,taxi,1.197654,0,201.53,561.459
SCTD-0180,0,location,540.0,12.9220352,77.6054592,12.9220352,77.6054592,walk,walk,0.0,0,0,635.836
SCTD-0180,1,location,573.855,12.9336308,77.6417806,12.9336308,77.6185461,walk,walk,4.142177,0,0,635.836
SCTD-0180,2,location,608.479,12.9452264,77.6645616,12.9452264,77.6316329,walk,walk,2.785237,0.768,0,635.836
SCTD-0180,3,location,642.334,12.9568221,77.6681906,12.9568221,77.6447198,walk,walk,1.348019,0,0,635.836
SCTD-0180,4,location,676.19,12.9684177,77.658275,12.9684177,77.6578066,walk,walk,1.678387,0,0.0,635.836
SCTD-0181,0,location,540.0,12.9169643,77.6005961,12.9169643,77.6005961,walk,walk,0.0,0,0,690.253
SCTD-0181,1,location,586.393,12.9396785,77.6397587,12.9396785,77.6156219,walk,walk,4.93896,0,0,690.253
SCTD-0181,2,location,633.096,12.9623928,77.6650275,12.9623928,77.6306476,walk,walk,3.725245,0.31,0,690.253
SCTD-0181,3,location,679.489,12.9851071,77.6706412,12.9851071,77.6456734,walk,walk,2.597933,0,0,690.253
SCTD-0181,4,location,725.882,13.0078214,77.6623524,13.0078214,77.6606992,walk,walk,2.680628,0,0.0,690.253
SCTD-0182,0,location,540.0,12.9465239,77.6035365,12.9465239,77.6035365,walk,walk,0.0,0,0,633.019
SCTD-0182,1,location,573.595,12.9479908,77.646595,12.9479908,77.6206377,walk,walk,4.669017,0,0,633.019
SCTD-0182,2,location,607.754,12.9494576,77.6746091,12.9494576,77.6377389,walk,walk,3.040204,0.563,0,633.019
SCTD-0182,3,location,641.349,12.9509244,77.681347,12.9509244,77.6548401,walk,walk,0.748157,0,0,633.019
SCTD-0182,4,location,674.944,12.9523912,77.67304,12.9523912,77.6719414,walk,walk,0.914859,0,0.0,633.019
SCTD-0183,0,location,540.0,12.9518119,77.6258249,12.9518119,77.6258249,taxi,taxi,0.0,0,0,551.242
SCTD-0183,1,location,544.621,12.9547008,77.6546609,12.9547008,77.6371133,taxi,taxi,3.141303,0,0,551.242
SCTD-0183,2,location,550.342,12.9575898,77.6733038,12.9575898,77.6484017,taxi,taxi,2.045596,1.099,0,551.242
SCTD-0183,3,location,554.963,12.9604788,77.6775306,12.9604788,77.6596902,taxi,taxi,0.559454,0,0,551.242
SCTD-0183,4,location,559.585,12.9633678,77.6715634,12.9633678,77.6709786,taxi,taxi,0.722018,0,133.62,551.242
SCTD-0184,0,location,540.0,12.9642002,77.6141298,12.9642002,77.6141298,walk,walk,0.0,0,0,613.341
SCTD-0184,1,location,566.966,12.9724892,77.6404515,12.9724892,77.6246607,walk,walk,2.99742,0,0,613.341
SCTD-0184,2,location,594.277,12.9807782,77.6575421,12.9807782,77.6351915,walk,walk,2.068554,0.345,0,613.341
SCTD-0184,3,location,621.243,12.9890672,77.6615766,12.9890672,77.6457224,walk,walk,1.020105,0,0,613.341
SCTD-0184,4,location,648.209,12.9973562,77.6563778,12.9973562,77.6562533,walk,walk,1.080186,0,0.0,613.341
SCTD-0185,0,location,540.0,12.9403275,77.6016943,12.9403275,77.6016943,taxi,taxi,0.0,0,0,556.216
SCTD-0185,1,location,545.429,12.9500098,77.6384082,12.9500098,77.6152857,taxi,taxi,4.121741,0,0,556.216
SCTD-0185,2,location,554.484,12.9596921,77.6616167,12.9596921,77.6288772,taxi,taxi,2.735739,3.626,0,556.216
SCTD-0185,3,location,559.913,12.9693743,77.6657232,12.9693743,77.6424686,taxi,taxi,1.164955,0,0,556.216
SCTD-0185,4,location,565.342,12.9790566,77.6563207,12.9790566,77.65606,taxi,taxi,1.482261,0,160.24,556.216
SCTD-0186,0,location,540.0,12.9239808,77.5779753,12.9239808,77.5779753,taxi,taxi,0.0,0,0,558.128
SCTD-0186,1,location,545.894,12.937862,77.6062476,12.937862,77.5902749,taxi,taxi,3.430836,0,0,558.128
SCTD-0186,2,location,551.812,12.9517432,77.6253985,12.9517432,77.6025745,taxi,taxi,2.586432,0.024,0,558.128
SCTD-0186,3,location,557.706,12.9656244,77.6316475,12.9656244,77.6148741,taxi,taxi,1.685529,0,0,558.128
SCTD-0186,4,location,563.6,12.9795056,77.6287716,12.9795056,77.6271737,taxi,taxi,1.574665,0,172.98,558.128
SCTD-0187,0,location,540.0,12.9544143,77.6142829,12.9544143,77.6142829,walk,walk,0.0,0,0,600.411
SCTD-0187,1,location,565.53,12.9591899,77.6391287,12.9591899,77.6242982,walk,walk,2.744259,0,0,600.411
SCTD-0187,2,location,594.243,12.9639655,77.6554909,12.9639655,77.6343135,walk,walk,1.850848,3.183,0,600.411
SCTD-0187,3,location,619.772,12.9687412,77.6598545,12.9687412,77.6443289,walk,walk,0.711036,0,0,600.411
SCTD-0187,4,location,645.302,12.9735168,77.6557334,12.9735168,77.6543442,walk,walk,0.693829,0,0.0,600.411
SCTD-0188,0,location,540.0,12.9422979,77.5855368,12.9422979,77.5855368,walk,walk,0.0,0,0,628.689
SCTD-0188,1,location,571.157,12.9558168,77.6149653,12.9558168,77.5942261,walk,walk,3.525626,0,0,628.689
SCTD-0188,2,location,603.763,12.9693358,77.63236,12.9693358,77.6029153,walk,walk,2.410943,1.449,0,628.689
SCTD-0188,3,location,634.92,12.9828547,77.6327332,12.9828547,77.6116046,walk,walk,1.503784,0,0,628.689
SCTD-0188,4,location,666.077,12.9963737,77.6210681,12.9963737,77.6202939,walk,walk,1.963976,0,0.0,628.689
SCTD-0189,0,location,540.0,12.9191919,77.5820536,12.9191919,77.5820536,walk,walk,0.0,0,0,686.256
SCTD-0189,1,location,584.384,12.9378007,77.6260604,12.9378007,77.6011332,walk,walk,5.19882,0,0,686.256
SCTD-0189,2,location,632.673,12.9564094,77.6555799,12.9564094,77.6202127,walk,walk,3.809858,3.904,0,686.256
SCTD-0189,3,location,677.057,12.9750181,77.664606,12.9750181,77.6392923,walk,walk,2.288714,0,0,686.256
SCTD-0189,4,location,721.441,12.9936269,77.6591374,12.9936269,77.6583719,walk,walk,2.152367,0,0.0,686.256
SCTD-0190,0,location,540.0,12.916001,77.6287335,12.916001,77.6287335,walk,walk,0.0,0,0,597.642
SCTD-0190,1,location,561.767,12.9261229,77.6490331,12.9261229,77.6310364,walk,walk,2.471237,0,0,597.642
SCTD-0190,2,location,584.573,12.9362448,77.6588388,12.9362448,77.6333393,walk,walk,1.547924,1.04,0,597.642
SCTD-0190,3,location,606.34,12.9463666,77.6538018,12.9463666,77.6356422,walk,walk,1.250886,0,0,597.642
SCTD-0190,4,location,628.107,12.9564885,77.6382681,12.9564885,77.6379451,walk,walk,2.02494,0,0.0,597.642
SCTD-0191,0,location,540.0,12.9238781,77.6188977,12.9238781,77.6188977,taxi,taxi,0.0,0,0,557.37
SCTD-0191,1,location,544.086,12.9366156,77.6318602,12.9366156,77.6313206,taxi,taxi,1.994888,0,0,557.37
SCTD-0191,2,idle,621.376,12.9493532,77.644671,12.9493532,77.6437435,taxi,taxi,1.983287,73.204,0,557.37
SCTD-0191,3,location,625.462,12.9620907,77.657267,12.9620907,77.6561665,taxi,taxi,1.967019,0,0,557.37
SCTD-0191,4,location,629.547,12.9748282,77.6697111,12.9748282,77.6685894,taxi,taxi,1.955588,0,120.55,557.37
SCTD-0192,0,location,540.0,12.9134813,77.6154239,12.9134813,77.6154239,walk,walk,0.0,0,0,681.453
SCTD-0192,1,location,577.348,12.9344384,77.6309404,12.9344384,77.6302268,walk,walk,2.87373,0,0,681.453
SCTD-0192,2,idle,712.787,12.9553954,77.6461027,12.9553954,77.6450296,walk,walk,2.851366,98.09,0,681.453
SCTD-0192,3,location,750.135,12.9763525,77.6607642,12.9763525,77.6598325,walk,walk,2.82036,0,0,681.453
SCTD-0192,4,location,787.483,12.9973095,77.6750715,12.9973095,77.6746353,walk,walk,2.798843,0,0.0,681.453
SCTD-0193,0,location,540.0,12.9546768,77.6185869,12.9546768,77.6185869,walk,walk,0.0,0,0,613.49
SCTD-0193,1,location,560.242,12.9642289,77.6289083,12.9642289,77.627963,walk,walk,1.542435,0,0,613.49
SCTD-0193,2,idle,671.884,12.9737811,77.6388841,12.9737811,77.6373391,walk,walk,1.51547,91.401,0,613.49
SCTD-0193,3,location,692.126,12.9833332,77.6483711,12.9833332,77.6467152,walk,walk,1.478128,0,0,613.49
SCTD-0193,4,location,712.368,12.9928853,77.6575124,12.9928853,77.6560912,walk,walk,1.452302,0,0.0,613.49
SCTD-0194,0,location,540.0,12.9151525,77.5754506,12.9151525,77.5754506,walk,walk,0.0,0,0,646.202
SCTD-0194,1,location,566.656,12.9299262,77.5887087,12.9299262,77.587875,walk,walk,2.182502,0,0,646.202
SCTD-0194,2,idle,691.814,12.9446998,77.6016566,12.9446998,77.6002995,walk,walk,2.16047,98.502,0,646.202
SCTD-0194,3,location,718.47,12.9594735,77.614166,12.9594735,77.6127239,walk,walk,2.129851,0,0,646.202
SCTD-0194,4,location,745.126,12.9742471,77.6263651,12.9742471,77.6251483,walk,walk,2.108564,0,0.0,646.202
SCTD-0195,0,location,540.0,12.9262144,77.6051518,12.9262144,77.6051518,walk,walk,0.0,0,0,625.313
SCTD-0195,1,location,561.214,12.9377419,77.6165432,12.9377419,77.6155442,walk,walk,1.779633,0,0,625.313
SCTD-0195,2,idle,657.139,12.9492694,77.6275755,12.9492694,77.6259365,walk,walk,1.752818,74.711,0,625.313
SCTD-0195,3,location,678.353,12.9607968,77.6380997,12.9607968,77.6363289,walk,walk,1.715704,0,0,625.313
SCTD-0195,4,location,699.567,12.9723243,77.6482646,12.9723243,77.6467212,walk,walk,1.690042,0,0.0,625.313
SCTD-0196,0,location,540.0,12.9393899,77.5830774,12.9393899,77.5830774,taxi,taxi,0.0,0,0,563.73
SCTD-0196,1,location,545.392,12.954119,77.6030384,12.954119,77.6025338,taxi,taxi,2.713222,0,0,563.73
SCTD-0196,2,idle,630.169,12.9688481,77.6228598,12.9688481,77.6219901,taxi,taxi,2.701081,79.386,0,563.73
SCTD-0196,3,location,635.561,12.9835773,77.6424839,12.9835773,77.6414464,taxi,taxi,2.684004,0,0,563.73
SCTD-0196,4,location,640.953,12.9983064,77.6619683,12.9983064,77.6609027,taxi,taxi,2.671938,0,175.28,563.73
SCTD-0197,0,location,540.0,12.9262414,77.6094876,12.9262414,77.6094876,walk,walk,0.0,0,0,616.375
SCTD-0197,1,location,560.107,12.9345374,77.6214296,12.9345374,77.6207223,walk,walk,1.589326,0,0,616.375
SCTD-0197,2,idle,663.713,12.9428333,77.6331589,12.9428333,77.631957,walk,walk,1.570577,83.498,0,616.375
SCTD-0197,3,location,683.82,12.9511293,77.6445873,12.9511293,77.6431916,walk,walk,1.544276,0,0,616.375
SCTD-0197,4,location,703.927,12.9594253,77.655803,12.9594253,77.6544263,walk,walk,1.525816,0,0.0,616.375
SCTD-0198,0,location,540.0,12.9052697,77.5863113,12.9052697,77.5863113,walk,walk,0.0,0,0,668.012
SCTD-0198,1,location,570.213,12.9182602,77.6061397,12.9182602,77.6058162,walk,walk,2.5894,0,0,668.012
SCTD-0198,2,idle,692.785,12.9312506,77.6258522,12.9312506,77.6253212,walk,walk,2.578896,92.359,0,668.012
SCTD-0198,3,location,722.998,12.944241,77.6454008,12.944241,77.6448261,walk,walk,2.564111,0,0,668.012
SCTD-0198,4,location,753.211,12.9572314,77.6648335,12.9572314,77.664331,walk,walk,2.553653,0,0.0,668.012
SCTD-0199,0,location,540.0,12.906674,77.593859,12.906674,77.593859,bus,bus,0.0,0,0,573.854
SCTD-0199,1,location,547.502,12.924814,77.6090559,12.924814,77.6080893,bus,bus,2.604118,0,0,573.854
SCTD-0199,2,idle,641.412,12.942954,77.6238922,12.942954,77.6223195,bus,bus,2.579509,86.408,0,573.854
SCTD-0199,3,location,648.914,12.961094,77.6382186,12.961094,77.6365498,bus,bus,2.545355,0,0,573.854
SCTD-0199,4,location,656.415,12.979234,77.6521843,12.979234,77.6507801,bus,bus,2.521639,0,37.89,573.854
SCTD-0200,0,location,540.0,12.9168137,77.583685,12.9168137,77.583685,taxi,taxi,0.0,0,0,559.798
SCTD-0200,1,location,545.788,12.9344619,77.5943797,12.9344619,77.5934067,taxi,taxi,2.279133,0,0,559.798
SCTD-0200,2,idle,648.321,12.9521102,77.6046568,12.9521102,77.6031283,taxi,taxi,2.256416,96.745,0,559.798
SCTD-0200,3,location,654.108,12.9697585,77.6143432,12.9697585,77.61285,taxi,taxi,2.225482,0,0,559.798
SCTD-0200,4,location,659.896,12.9874068,77.6236119,12.9874068,77.6225716,taxi,taxi,2.204459,0,154.04,559.798
SCTD-0201,0,location,540.0,12.9064753,77.6162177,12.9064753,77.6162177,walk,walk,0.0,0,0,639.018
SCTD-0201,1,location,565.833,12.919716,77.62922,12.919716,77.6284386,walk,walk,2.038037,0,0,639.018
SCTD-0201,2,idle,677.452,12.9329567,77.6419039,12.9329567,77.6406596,walk,walk,2.014283,85.787,0,639.018
SCTD-0201,3,location,703.284,12.9461974,77.6541375,12.9461974,77.6528806,walk,walk,1.981251,0,0,639.018
SCTD-0201,4,location,729.117,12.9594381,77.6660527,12.9594381,77.6651015,walk,walk,1.958279,0,0.0,639.018
SCTD-0202,0,location,540.0,12.9294285,77.6343118,12.9294285,77.6343118,bus,bus,0.0,0,0,559.851
SCTD-0202,1,location,546.854,12.9394841,77.6436441,12.9394841,77.6433834,bus,bus,1.507675,0,0,559.851
SCTD-0202,2,idle,622.637,12.9495396,77.6528862,12.9495396,77.6524549,bus,bus,1.501111,68.929,0,559.851
SCTD-0202,3,location,629.491,12.9595952,77.6620008,12.9595952,77.6615265,bus,bus,1.4919,0,0,559.851
SCTD-0202,4,location,636.345,12.9696507,77.6710252,12.9696507,77.670598,bus,bus,1.485422,0,24.73,559.851
SCTD-0203,0,location,540.0,12.9493566,77.5869199,12.9493566,77.5869199,walk,walk,0.0,0,0,609.636
SCTD-0203,1,location,556.683,12.9501104,77.6003376,12.9501104,77.5997484,walk,walk,1.456461,0,0,609.636
SCTD-0203,2,idle,670.891,12.9508642,77.6135059,12.9508642,77.612577,walk,walk,1.429459,97.524,0,609.636
SCTD-0203,3,location,687.575,12.951618,77.6263212,12.951618,77.6254056,walk,walk,1.391278,0,0,609.636
SCTD-0203,4,location,704.258,12.9523718,77.638887,12.9523718,77.6382342,walk,walk,1.364281,0,0.0,609.636
SCTD-0204,0,location,540.0,12.9403999,77.6263566,12.9403999,77.6263566,bus,bus,0.0,0,0,557.833
SCTD-0204,1,location,546.334,12.9511598,77.6324392,12.9511598,77.6318728,bus,bus,1.366011,0,0,557.833
SCTD-0204,2,idle,611.282,12.9619196,77.6383072,12.9619196,77.637389,bus,bus,1.354924,58.614,0,557.833
SCTD-0204,3,location,617.616,12.9726795,77.6438715,12.9726795,77.6429053,bus,bus,1.339785,0,0,557.833
SCTD-0204,4,location,623.95,12.9834394,77.6492211,12.9834394,77.6484215,bus,bus,1.329464,0,20.93,557.833
SCTD-0205,0,location,540.0,12.9279842,77.5878997,12.9279842,77.5878997,taxi,taxi,0.0,0,0,565.943
SCTD-0205,1,location,548.661,12.9473215,77.6071364,12.9473215,77.6061118,taxi,taxi,2.994916,0,0,565.943
SCTD-0205,2,idle,634.88,12.9666589,77.6259384,12.9666589,77.624324,taxi,taxi,2.962205,77.557,0,565.943
SCTD-0205,3,location,643.541,12.9859962,77.6441254,12.9859962,77.6425361,taxi,taxi,2.916664,0,0,565.943
SCTD-0205,4,location,652.202,13.0053336,77.6618774,13.0053336,77.6607482,taxi,taxi,2.884929,0,171.92,565.943
SCTD-0206,0,location,540.0,12.9476842,77.6077083,12.9476842,77.6077083,walk,walk,0.0,0,0,624.8
SCTD-0206,1,location,562.36,12.9572687,77.62028,12.9572687,77.6198836,walk,walk,1.72968,0,0,624.8
SCTD-0206,2,idle,660.734,12.9668531,77.6326642,12.9668531,77.6320589,walk,walk,1.713678,76.014,0,624.8
SCTD-0206,3,location,683.094,12.9764376,77.6447831,12.9764376,77.6442342,walk,walk,1.691224,0,0,624.8
SCTD-0206,4,location,705.454,12.9860221,77.6567144,12.9860221,77.6564095,walk,walk,1.675451,0,0.0,624.8
SCTD-0207,0,location,540.0,12.9263857,77.5811358,12.9263857,77.5811358,taxi,taxi,0.0,0,0,560.955
SCTD-0207,1,location,545.668,12.9447038,77.5929215,12.9447038,77.5920883,taxi,taxi,2.404219,0,0,560.955
SCTD-0207,2,idle,635.392,12.9630219,77.6044305,12.9630219,77.6030408,taxi,taxi,2.388377,84.056,0,560.955
SCTD-0207,3,location,641.061,12.98134,77.6155482,12.98134,77.6139934,taxi,taxi,2.366459,0,0,560.955
SCTD-0207,4,location,646.729,12.9996581,77.626389,12.9996581,77.6249459,taxi,taxi,2.351288,0,142.42,560.955
SCTD-0208,0,location,540.0,12.9153152,77.6345644,12.9153152,77.6345644,taxi,taxi,0.0,0,0,555.581
SCTD-0208,1,location,543.686,12.9278809,77.6451006,12.9278809,77.6443308,taxi,taxi,1.804509,0,0,555.581
SCTD-0208,2,idle,646.096,12.9404467,77.6552772,12.9404467,77.6540972,taxi,taxi,1.780068,98.723,0,555.581
SCTD-0208,3,location,649.782,12.9530124,77.6649452,12.9530124,77.6638636,taxi,taxi,1.74642,0,0,555.581
SCTD-0208,4,location,653.469,12.9655782,77.6742534,12.9655782,77.67363,taxi,taxi,1.723286,0,104.3,555.581
SCTD-0209,0,location,540.0,12.9587443,77.6231471,12.9587443,77.6231471,walk,walk,0.0,0,0,586.216
SCTD-0209,1,location,553.281,12.9659476,77.6281218,12.9659476,77.6274045,walk,walk,0.96548,0,0,586.216
SCTD-0209,2,idle,653.181,12.9731509,77.6327161,12.9731509,77.631662,walk,walk,0.943077,86.619,0,586.216
SCTD-0209,3,location,666.462,12.9803542,77.6367723,12.9803542,77.6359195,walk,walk,0.913639,0,0,586.216
SCTD-0209,4,location,679.744,12.9875576,77.6404481,12.9875576,77.6401769,walk,walk,0.894531,0,0.0,586.216
SCTD-0210,0,location,540.0,12.9507013,77.6011534,12.9507013,77.6011534,bus,bus,0.0,0,0,561.64
SCTD-0210,1,location,546.181,12.9629333,77.6097465,12.9629333,77.6093251,bus,bus,1.648362,0,0,561.64
SCTD-0210,2,idle,643.543,12.9751654,77.618256,12.9751654,77.6174969,bus,bus,1.643237,91.182,0,561.64
SCTD-0210,3,location,649.724,12.9873975,77.6266473,12.9873975,77.6256687,bus,bus,1.636057,0,0,561.64
SCTD-0210,4,location,655.904,12.9996295,77.634955,12.9996295,77.6338405,bus,bus,1.631015,0,24.1,561.64
SCTD-0211,0,location,540.0,12.9431775,77.6236517,12.9431775,77.6236517,walk,walk,0.0,0,0,602.309
SCTD-0211,1,location,556.064,12.9524593,77.6311047,12.9524593,77.6300968,walk,walk,1.310549,0,0,602.309
SCTD-0211,2,location,576.044,12.9617411,77.6381115,12.9617411,77.636542,walk,walk,1.281294,3.916,0,602.309
SCTD-0211,3,location,592.108,12.9710229,77.644487,12.9710229,77.6429871,walk,walk,1.24197,0,0,602.309
SCTD-0211,4,location,608.172,12.9803047,77.6504162,12.9803047,77.6494323,walk,walk,1.215716,0,198.96,602.309
SCTD-0212,0,location,540.0,12.9286278,77.605665,12.9286278,77.605665,taxi,taxi,0.0,0,0,557.563
SCTD-0212,1,location,545.772,12.945398,77.612558,12.945398,77.6116914,taxi,taxi,2.008826,0,0,557.563
SCTD-0212,2,location,555.491,12.9621683,77.6191006,12.9621683,77.6177177,taxi,taxi,1.995003,3.947,0,557.563
SCTD-0212,3,location,561.262,12.9789386,77.6251477,12.9789386,77.6237441,taxi,taxi,1.976541,0,0,557.563
SCTD-0212,4,location,567.034,12.9957088,77.6308443,12.9957088,77.6297705,taxi,taxi,1.964265,0,2.1,557.563
SCTD-0213,0,location,540.0,12.9098142,77.6252228,12.9098142,77.6252228,bus,bus,0.0,0,0,568.032
SCTD-0213,1,location,547.015,12.9287207,77.6259158,12.9287207,77.6254177,bus,bus,2.103648,0,0,568.032
SCTD-0213,2,location,555.349,12.9476271,77.6263772,12.9476271,77.6256125,bus,bus,2.102901,1.319,0,568.032
SCTD-0213,3,location,562.364,12.9665336,77.6265109,12.9665336,77.6258074,bus,bus,2.102356,0,0,568.032
SCTD-0213,4,location,569.379,12.9854401,77.6264129,12.9854401,77.6260022,bus,bus,2.102333,0,3.58,568.032
SCTD-0214,0,location,540.0,12.9403711,77.6017628,12.9403711,77.6017628,walk,walk,0.0,0,0,626.657
SCTD-0214,1,location,562.765,12.9498401,77.6151339,12.9498401,77.6144669,walk,walk,1.791162,0,0,626.657
SCTD-0214,2,location,586.437,12.9593092,77.6282341,12.9593092,77.6271711,walk,walk,1.767456,0.907,0,626.657
SCTD-0214,3,location,609.203,12.9687782,77.6409512,12.9687782,77.6398752,walk,walk,1.734245,0,0,626.657
SCTD-0214,4,location,631.968,12.9782473,77.6533974,12.9782473,77.6525793,walk,walk,1.710968,0,2.52,626.657
SCTD-0215,0,location,540.0,12.9204184,77.5897612,12.9204184,77.5897612,bus,bus,0.0,0,0,568.714
SCTD-0215,1,location,547.193,12.9357719,77.6026014,12.9357719,77.6018747,bus,bus,2.202529,0,0,568.714
SCTD-0215,2,location,554.983,12.9511254,77.6151535,12.9511254,77.6139882,bus,bus,2.182884,0.598,0,568.714
SCTD-0215,3,location,562.175,12.9664789,77.627298,12.9664789,77.6261016,bus,bus,2.155589,0,0,568.714
SCTD-0215,4,location,569.368,12.9818325,77.6391544,12.9818325,77.6382151,bus,bus,2.136616,0,413.73,568.714
SCTD-0216,0,location,540.0,12.9103837,77.6152688,12.9103837,77.6152688,taxi,taxi,0.0,0,0,558.855
SCTD-0216,1,location,544.669,12.9287534,77.6211079,12.9287534,77.6205449,taxi,taxi,2.138414,0,0,558.855
SCTD-0216,2,location,550.646,12.9471232,77.6267347,12.9471232,77.625821,taxi,taxi,2.131702,1.309,0,558.855
SCTD-0216,3,location,555.315,12.9654929,77.6320609,12.9654929,77.6310971,taxi,taxi,2.122606,0,0,558.855
SCTD-0216,4,location,559.984,12.9838627,77.6371747,12.9838627,77.6363732,taxi,taxi,2.116449,0,3.1,558.855
SCTD-0217,0,location,540.0,12.9162941,77.5786204,12.9162941,77.5786204,walk,walk,0.0,0,0,667.051
SCTD-0217,1,location,568.165,12.9261641,77.6004007,12.9261641,77.5997676,walk,walk,2.603195,0,0,667.051
SCTD-0217,2,location,598.756,12.9360341,77.6218323,12.9360341,77.6209147,walk,walk,2.568898,2.427,0,667.051
SCTD-0217,3,location,626.921,12.9459041,77.6427708,12.9459041,77.6420619,walk,walk,2.5206,0,0,667.051
SCTD-0217,4,location,655.085,12.9557742,77.6633606,12.9557742,77.6632091,walk,walk,2.486553,0,2.57,667.051
SCTD-0218,0,location,540.0,12.9482445,77.5847772,12.9482445,77.5847772,walk,walk,0.0,0,0,634.996
SCTD-0218,1,location,565.073,12.9504764,77.6024754,12.9504764,77.6021595,walk,walk,1.933901,0,0,634.996
SCTD-0218,2,location,590.615,12.9527082,77.6200564,12.9527082,77.6195418,walk,walk,1.921281,0.468,0,634.996
SCTD-0218,3,location,615.689,12.95494,77.6374715,12.95494,77.6369242,walk,walk,1.903441,0,0,634.996
SCTD-0218,4,location,640.762,12.9571719,77.6547694,12.9571719,77.6543065,walk,walk,1.890823,0,2.66,634.996
SCTD-0219,0,location,540.0,12.9196596,77.585928,12.9196596,77.585928,bus,bus,0.0,0,0,575.778
SCTD-0219,1,location,549.534,12.940675,77.598581,12.940675,77.5980995,bus,bus,2.709439,0,0,575.778
SCTD-0219,2,location,562.621,12.9616904,77.6110108,12.9616904,77.610271,bus,bus,2.697222,3.552,0,575.778
SCTD-0219,3,location,572.155,12.9827058,77.6231249,12.9827058,77.6224425,bus,bus,2.680247,0,0,575.778
SCTD-0219,4,location,581.689,13.0037211,77.6350158,13.0037211,77.634614,bus,bus,2.668428,0,2.67,575.778
SCTD-0220,0,location,540.0,12.9496208,77.5945706,12.9496208,77.5945706,walk,walk,0.0,0,0,637.374
SCTD-0220,1,location,566.28,12.9555136,77.6120796,12.9555136,77.6114948,walk,walk,2.007332,0,0,637.374
SCTD-0220,2,location,594.694,12.9614065,77.6293953,12.9614065,77.628419,walk,walk,1.987502,2.135,0,637.374
SCTD-0220,3,location,620.974,12.9672993,77.6464375,12.9672993,77.6453432,walk,walk,1.959516,0,0,637.374
SCTD-0220,4,location,647.253,12.9731921,77.6632865,12.9731921,77.6622673,walk,walk,1.939744,0,396.45,637.374
SCTD-0221,0,location,540.0,12.9618807,77.5983202,12.9618807,77.5983202,bus,bus,0.0,0,0,564.396
SCTD-0221,1,location,547.154,12.9667083,77.6151428,12.9667083,77.6144627,bus,bus,1.900304,0,0,564.396
SCTD-0221,2,location,554.361,12.9715359,77.6317574,12.9715359,77.6306052,bus,bus,1.878664,0.052,0,564.396
SCTD-0221,3,location,561.515,12.9763635,77.6480779,12.9763635,77.6467477,bus,bus,1.848111,0,0,564.396
SCTD-0221,4,location,568.669,12.9811911,77.6641904,12.9811911,77.6628902,bus,bus,1.826525,0,282.31,564.396
SCTD-0222,0,location,540.0,12.911272,77.5918957,12.911272,77.5918957,bus,bus,0.0,0,0,575.737
SCTD-0222,1,location,549.065,12.9278935,77.6108628,12.9278935,77.6098078,bus,bus,2.76436,0,0,575.737
SCTD-0222,2,location,560.624,12.944515,77.6293937,12.944515,77.6277199,bus,bus,2.729287,2.493,0,575.737
SCTD-0222,3,location,569.689,12.9611365,77.6473075,12.9611365,77.645632,bus,bus,2.68037,0,0,575.737
SCTD-0222,4,location,578.755,12.977758,77.6647849,12.977758,77.6635442,bus,bus,2.646229,0,477.87,575.737
SCTD-0223,0,location,540.0,12.9114424,77.6318911,12.9114424,77.6318911,bus,bus,0.0,0,0,565.693
SCTD-0223,1,location,546.436,12.9279784,77.637693,12.9279784,77.6372111,bus,bus,1.943267,0,0,565.693
SCTD-0223,2,location,555.278,12.9445144,77.643297,12.9445144,77.6425311,bus,bus,1.936423,2.407,0,565.693
SCTD-0223,3,location,561.714,12.9610504,77.6486212,12.9610504,77.6478511,bus,bus,1.927116,0,0,565.693
SCTD-0223,4,location,568.15,12.9775864,77.6537475,12.9775864,77.653171,bus,bus,1.920794,0,3.0,565.693
SCTD-0224,0,location,540.0,12.9604104,77.6344064,12.9604104,77.6344064,taxi,taxi,0.0,0,0,549.609
SCTD-0224,1,location,542.28,12.9647229,77.6438699,12.9647229,77.643347,taxi,taxi,1.132051,0,0,549.609
SCTD-0224,2,location,547.736,12.9690354,77.6531564,12.9690354,77.6522877,taxi,taxi,1.114702,3.175,0,549.609
SCTD-0224,3,location,550.016,12.9733479,77.6621928,12.9733479,77.6612283,taxi,taxi,1.090279,0,0,549.609
SCTD-0224,4,location,552.296,12.9776604,77.6710523,12.9776604,77.6701689,taxi,taxi,1.073082,0,1.58,549.609
SCTD-0225,0,location,540.0,12.9223322,77.5946453,12.9223322,77.5946453,walk,walk,0.0,0,0,667.457
SCTD-0225,1,location,574.92,12.93662,77.6137957,12.93662,77.6130413,walk,walk,2.613708,0,0,667.457
SCTD-0225,2,location,611.831,12.9509077,77.6326754,12.9509077,77.6314373,walk,walk,2.590391,1.991,0,667.457
SCTD-0225,3,location,646.751,12.9651954,77.6511724,12.9651954,77.6498332,walk,walk,2.557665,0,0,667.457
SCTD-0225,4,location,681.671,12.9794832,77.6693986,12.9794832,77.6682292,walk,walk,2.534653,0,379.4,667.457
SCTD-0226,0,location,540.0,12.935068,77.6309999,12.935068,77.6309999,bus,bus,0.0,0,0,563.078
SCTD-0226,1,location,545.275,12.9496478,77.6374005,12.9496478,77.636595,bus,bus,1.763358,0,0,563.078
SCTD-0226,2,location,552.904,12.9642276,77.6434927,12.9642276,77.6421902,bus,bus,1.750469,2.353,0,563.078
SCTD-0226,3,location,558.18,12.9788074,77.6491488,12.9788074,77.6477853,bus,bus,1.733183,0,0,563.078
SCTD-0226,4,location,563.455,12.9933872,77.6544964,12.9933872,77.6533805,bus,bus,1.721635,0,316.05,563.078
SCTD-0227,0,location,540.0,12.949691,77.5928152,12.949691,77.5928152,walk,walk,0.0,0,0,601.733
SCTD-0227,1,location,559.075,12.9557827,77.6029487,12.9557827,77.6023414,walk,walk,1.290224,0,0,601.733
SCTD-0227,2,location,579.472,12.9618744,77.6127748,12.9618744,77.6118675,walk,walk,1.26198,1.323,0,601.733
SCTD-0227,3,location,598.547,12.9679661,77.6221662,12.9679661,77.6213937,walk,walk,1.222482,0,0,601.733
SCTD-0227,4,location,617.621,12.9740578,77.6312504,12.9740578,77.6309198,walk,walk,1.19488,0,1.88,601.733
SCTD-0228,0,location,540.0,12.9536284,77.5908432,12.9536284,77.5908432,taxi,taxi,0.0,0,0,560.282
SCTD-0228,1,location,545.978,12.9666705,77.6080555,12.9666705,77.6071007,taxi,taxi,2.362618,0,0,560.282
SCTD-0228,2,location,555.391,12.9797126,77.6248156,12.9797126,77.6233581,taxi,taxi,2.324054,3.434,0,560.282
SCTD-0228,3,location,561.369,12.9927547,77.640936,12.9927547,77.6396155,taxi,taxi,2.270236,0,0,560.282
SCTD-0228,4,location,567.347,13.0057968,77.656604,13.0057968,77.6558729,taxi,taxi,2.232677,0,478.41,560.282
SCTD-0229,0,location,540.0,12.9173534,77.6237858,12.9173534,77.6237858,taxi,taxi,0.0,0,0,550.99
SCTD-0229,1,location,541.882,12.927049,77.6300025,12.927049,77.6293702,taxi,taxi,1.271319,0,0,550.99
SCTD-0229,2,location,546.391,12.9367445,77.6360128,12.9367445,77.6349546,taxi,taxi,1.259586,2.627,0,550.99
SCTD-0229,3,location,548.273,12.94644,77.6417309,12.94644,77.640539,taxi,taxi,1.243499,0,0,550.99
SCTD-0229,4,location,550.155,12.9561355,77.6472425,12.9561355,77.6461235,taxi,taxi,1.232484,0,1.49,550.99
SCTD-0230,0,location,540.0,12.9401072,77.5969024,12.9401072,77.5969024,bus,bus,0.0,0,0,553.153
SCTD-0230,1,location,544.436,12.9468293,77.6035625,12.9468293,77.602843,bus,bus,1.039043,0,0,553.153
SCTD-0230,2,location,550.813,12.9535513,77.609815,12.9535513,77.6087836,bus,bus,1.008855,1.94,0,553.153
SCTD-0230,3,location,555.249,12.9602733,77.6154912,12.9602733,77.6147241,bus,bus,0.968004,0,0,553.153
SCTD-0230,4,location,559.685,12.9669953,77.6207599,12.9669953,77.6206647,bus,bus,0.940548,0,1.7,553.153
SCTD-0231,0,location,540.0,12.920203,77.6173044,12.920203,77.6173044,walk,walk,0.0,0,0,652.361
SCTD-0231,1,location,564.949,12.9404105,77.6308058,12.9404105,77.6169911,walk,walk,2.681391,0,0,652.361
SCTD-0231,2,location,590.959,12.9606179,77.6441744,12.9606179,77.6166778,walk,walk,2.673504,1.06,0,652.361
SCTD-0231,3,location,615.908,12.9808253,77.6573543,12.9808253,77.6163645,walk,walk,2.662416,0,0,652.361
SCTD-0231,4,location,640.858,13.0010327,77.6704014,13.0010327,77.6160512,walk,walk,2.654663,0,0.0,652.361
SCTD-0232,0,location,540.0,12.9316016,77.6173947,12.9316016,77.6173947,taxi,taxi,0.0,0,0,553.18
SCTD-0232,1,location,543.745,12.9410735,77.6432868,12.9410735,77.627026,taxi,taxi,2.997147,0,0,553.18
SCTD-0232,2,location,550.61,12.9505454,77.6688018,12.9505454,77.6366572,taxi,taxi,2.958832,3.12,0,553.18
SCTD-0232,3,location,554.355,12.9600173,77.6937831,12.9600173,77.6462884,taxi,taxi,2.904758,0,0,553.18
SCTD-0232,4,location,558.1,12.9694891,77.7183873,12.9694891,77.6559197,taxi,taxi,2.866618,0,93.71,553.18
SCTD-0233,0,location,540.0,12.935896,77.5916413,12.935896,77.5916413,taxi,taxi,0.0,0,0,558.98
SCTD-0233,1,location,544.145,12.9505202,77.6135978,12.9505202,77.6044118,taxi,taxi,2.88201,0,0,558.98
SCTD-0233,2,location,550.048,12.9651444,77.6352626,12.9651444,77.6171824,taxi,taxi,2.855861,1.758,0,558.98
SCTD-0233,3,location,554.192,12.9797686,77.6565146,12.9797686,77.629953,taxi,taxi,2.819083,0,0,558.98
SCTD-0233,4,location,558.337,12.9943928,77.6774748,12.9943928,77.6427236,taxi,taxi,2.793212,0,134.25,558.98
SCTD-0234,0,location,540.0,12.9178092,77.6095059,12.9178092,77.6095059,taxi,taxi,0.0,0,0,549.952
SCTD-0234,1,location,543.368,12.9270574,77.6233184,12.9270574,77.6135912,taxi,taxi,1.816173,0,0,549.952
SCTD-0234,2,location,549.38,12.9363056,77.6369049,12.9363056,77.6176765,taxi,taxi,1.79599,2.644,0,549.952
SCTD-0234,3,location,552.748,12.9455538,77.6501714,12.9455538,77.6217619,taxi,taxi,1.767627,0,0,549.952
SCTD-0234,4,location,556.116,12.9548021,77.6632118,12.9548021,77.6258472,taxi,taxi,1.747714,0,74.57,549.952
SCTD-0235,0,location,540.0,12.9340359,77.6047064,12.9340359,77.6047064,walk,walk,0.0,0,0,624.084
SCTD-0235,1,location,564.579,12.94741,77.6217519,12.94741,77.6119521,walk,walk,2.371475,0,0,624.084
SCTD-0235,2,location,591.429,12.9607841,77.6384003,12.9607841,77.6191979,walk,walk,2.338022,2.271,0,624.084
SCTD-0235,3,location,616.008,12.9741582,77.6544863,12.9741582,77.6264436,walk,walk,2.291259,0,0,624.084
SCTD-0235,4,location,640.586,12.9875323,77.6701749,12.9875323,77.6336894,walk,walk,2.258605,0,0.0,624.084
SCTD-0236,0,location,540.0,12.9355641,77.6205805,12.9355641,77.6205805,walk,walk,0.0,0,0,614.024
SCTD-0236,1,location,557.828,12.9419343,77.6470218,12.9419343,77.6325771,walk,walk,2.951737,0,0,614.024
SCTD-0236,2,location,577.643,12.9483044,77.6731796,12.9483044,77.6445737,walk,walk,2.921857,1.988,0,614.024
SCTD-0236,3,location,595.471,12.9546745,77.6989362,12.9546745,77.6565704,walk,walk,2.879628,0,0,614.024
SCTD-0236,4,location,613.299,12.9610446,77.7244094,12.9610446,77.668567,walk,walk,2.849793,0,0.0,614.024
SCTD-0237,0,location,540.0,12.9544133,77.6104256,12.9544133,77.6104256,bus,bus,0.0,0,0,554.042
SCTD-0237,1,location,544.62,12.955682,77.6346367,12.955682,77.6200568,bus,bus,2.627416,0,0,554.042
SCTD-0237,2,location,549.574,12.9569507,77.6587223,12.9569507,77.6296879,bus,bus,2.613834,0.334,0,554.042
SCTD-0237,3,location,554.194,12.9582194,77.6826306,12.9582194,77.6393191,bus,bus,2.594626,0,0,554.042
SCTD-0237,4,location,558.814,12.9594881,77.7064135,12.9594881,77.6489503,bus,bus,2.581045,0,16.47,554.042
SCTD-0238,0,location,540.0,12.9427447,77.5866273,12.9427447,77.5866273,taxi,taxi,0.0,0,0,561.278
SCTD-0238,1,location,545.003,12.9565633,77.6169787,12.9565633,77.6035669,taxi,taxi,3.630302,0,0,561.278
SCTD-0238,2,location,553.27,12.9703818,77.6469153,12.9703818,77.6205064,taxi,taxi,3.589468,3.265,0,561.278
SCTD-0238,3,location,558.273,12.9842003,77.6762646,12.9842003,77.637446,taxi,taxi,3.531904,0,0,561.278
SCTD-0238,4,location,563.276,12.9980188,77.705199,12.9980188,77.6543856,taxi,taxi,3.491322,0,147.22,561.278
SCTD-0239,0,location,540.0,12.9148138,77.5992145,12.9148138,77.5992145,walk,walk,0.0,0,0,624.989
SCTD-0239,1,location,562.115,12.9237903,77.6240264,12.9237903,77.6119098,walk,walk,2.868395,0,0,624.989
SCTD-0239,2,location,586.178,12.9327669,77.6487165,12.9327669,77.6246052,walk,walk,2.85593,1.949,0,624.989
SCTD-0239,3,location,608.293,12.9417435,77.6732339,12.9417435,77.6373005,walk,walk,2.838314,0,0,624.989
SCTD-0239,4,location,630.408,12.9507201,77.6976294,12.9507201,77.6499958,walk,walk,2.825865,0,0.0,624.989
SCTD-0240,0,location,540.0,12.9500941,77.6324989,12.9500941,77.6324989,walk,walk,0.0,0,0,580.303
SCTD-0240,1,location,550.584,12.9551319,77.6530118,12.9551319,77.6378475,walk,walk,2.292396,0,0,580.303
SCTD-0240,2,location,564.834,12.9601698,77.673168,12.9601698,77.643196,walk,walk,2.254885,3.665,0,580.303
SCTD-0240,3,location,575.418,12.9652077,77.6928193,12.9652077,77.6485446,walk,walk,2.201898,0,0,580.303
SCTD-0240,4,location,586.002,12.9702456,77.7121139,12.9702456,77.6538931,walk,walk,2.164488,0,0.0,580.303
SCTD-0241,0,location,540.0,12.9069738,77.6247777,12.9069738,77.6247777,bus,bus,0.0,0,0,572.374
SCTD-0241,1,location,549.78,12.9278787,77.6466981,12.9278787,77.6312512,bus,bus,3.323799,0,0,572.374
SCTD-0241,2,location,561.356,12.9487836,77.6684265,12.9487836,77.6377247,bus,bus,3.308809,1.796,0,572.374
SCTD-0241,3,location,571.136,12.9696885,77.689882,12.9696885,77.6441982,bus,bus,3.287698,0,0,572.374
SCTD-0241,4,location,580.916,12.9905934,77.7111454,12.9905934,77.6506717,bus,bus,3.272866,0,36.31,572.374
SCTD-0242,0,location,540.0,12.9496488,77.6180104,12.9496488,77.6180104,taxi,taxi,0.0,0,0,541.693
SCTD-0242,1,location,541.963,12.9510636,77.6318989,12.9510636,77.6190018,taxi,taxi,1.513245,0,0,541.693
SCTD-0242,2,location,547.682,12.9524783,77.6453481,12.9524783,77.6199932,taxi,taxi,1.46591,3.756,0,541.693
SCTD-0242,3,location,549.644,12.953893,77.6581762,12.953893,77.6209845,taxi,taxi,1.398995,0,0,541.693
SCTD-0242,4,location,551.607,12.9553078,77.6705651,12.9553078,77.6219759,taxi,taxi,1.351705,0,14.82,541.693
SCTD-0243,0,location,540.0,12.9616329,77.6138627,12.9616329,77.6138627,bus,bus,0.0,0,0,556.037
SCTD-0243,1,location,544.536,12.9707879,77.6307357,12.9707879,77.6197751,bus,bus,2.092655,0,0,556.037
SCTD-0243,2,location,551.461,12.9799429,77.6473123,12.9799429,77.6256875,bus,bus,2.064588,2.389,0,556.037
SCTD-0243,3,location,555.997,12.9890979,77.6634692,12.9890979,77.6316,bus,bus,2.025098,0,0,556.037
SCTD-0243,4,location,560.533,12.9982529,77.6793296,12.9982529,77.6375124,bus,bus,1.997333,0,21.04,556.037
SCTD-0244,0,location,540.0,12.9356435,77.6266591,12.9356435,77.6266591,walk,walk,0.0,0,0,621.113
SCTD-0244,1,location,560.635,12.9499471,77.6459242,12.9499471,77.6296078,walk,walk,2.624579,0,0,621.113
SCTD-0244,2,location,584.152,12.9642506,77.6648696,12.9642506,77.6325566,walk,walk,2.597009,2.882,0,621.113
SCTD-0244,3,location,604.787,12.9785542,77.6833621,12.9785542,77.6355053,walk,walk,2.55829,0,0,621.113
SCTD-0244,4,location,625.422,12.9928578,77.7015346,12.9928578,77.6384541,walk,walk,2.531148,0,0.0,621.113
SCTD-0245,0,location,540.0,12.9511811,77.6260788,12.9511811,77.6260788,taxi,taxi,0.0,0,0,546.711
SCTD-0245,1,location,543.356,12.9558555,77.6438309,12.9558555,77.6311324,taxi,taxi,1.992699,0,0,546.711
SCTD-0245,2,location,550.097,12.96053,77.6615061,12.96053,77.6361859,taxi,taxi,1.984619,3.385,0,546.711
SCTD-0245,3,location,553.453,12.9652045,77.6790724,12.9652045,77.6412395,taxi,taxi,1.973189,0,0,546.711
SCTD-0245,4,location,556.808,12.9698789,77.6965616,12.9698789,77.646293,taxi,taxi,1.965114,0,47.27,546.711
SCTD-0246,0,location,540.0,12.9078206,77.6053119,12.9078206,77.6053119,taxi,taxi,0.0,0,0,561.012
SCTD-0246,1,location,546.137,12.9258916,77.6266644,12.9258916,77.616801,taxi,taxi,3.06485,0,0,561.012
SCTD-0246,2,location,552.275,12.9439626,77.6477756,12.9439626,77.6282902,taxi,taxi,3.045024,0.001,0,561.012
SCTD-0246,3,location,558.413,12.9620335,77.6685449,12.9620335,77.6397794,taxi,taxi,3.017158,0,0,561.012
SCTD-0246,4,location,564.55,12.9801045,77.6890727,12.9801045,77.6512685,taxi,taxi,2.997572,0,164.29,561.012
SCTD-0247,0,location,540.0,12.9228233,77.6283257,12.9228233,77.6283257,walk,walk,0.0,0,0,632.631
SCTD-0247,1,location,562.16,12.939325,77.6419454,12.939325,77.6259674,walk,walk,2.354902,0,0,632.631
SCTD-0247,2,location,588.118,12.9558266,77.6552325,12.9558266,77.6236092,walk,walk,2.33242,3.798,0,632.631
SCTD-0247,3,location,610.278,12.9723283,77.6680484,12.9723283,77.6212509,walk,walk,2.301187,0,0,632.631
SCTD-0247,4,location,632.438,12.98883,77.6805316,12.98883,77.6188926,walk,walk,2.279557,0,0.0,632.631
SCTD-0248,0,location,540.0,12.9397238,77.5753157,12.9397238,77.5753157,bus,bus,0.0,0,0,571.155
SCTD-0248,1,location,548.742,12.9569432,77.5974528,12.9569432,77.5876752,bus,bus,3.069373,0,0,571.155
SCTD-0248,2,location,560.285,12.9741626,77.6193371,12.9741626,77.6000347,bus,bus,3.047878,2.801,0,571.155
SCTD-0248,3,location,569.027,12.9913819,77.6408631,12.9913819,77.6123942,bus,bus,3.017653,0,0,571.155
SCTD-0248,4,location,577.768,13.0086013,77.6621362,13.0086013,77.6247537,bus,bus,2.996396,0,34.8,571.155
SCTD-0249,0,location,540.0,12.9470456,77.6320049,12.9470456,77.6320049,taxi,taxi,0.0,0,0,553.495
SCTD-0249,1,location,542.567,12.9600514,77.648698,12.9600514,77.6362682,taxi,taxi,2.315975,0,0,553.495
SCTD-0249,2,location,548.342,12.9730573,77.6650775,12.9730573,77.6405314,taxi,taxi,2.289464,3.208,0,553.495
SCTD-0249,3,location,550.909,12.9860631,77.681013,12.9860631,77.6447947,taxi,taxi,2.252302,0,0,553.495
SCTD-0249,4,location,553.475,12.9990689,77.6966349,12.9990689,77.6490579,taxi,taxi,2.226289,0,93.18,553.495
SCTD-0250,0,location,540.0,12.931045,77.6206523,12.931045,77.6206523,taxi,taxi,0.0,0,0,561.902
SCTD-0250,1,location,544.865,12.9501542,77.6423546,12.9501542,77.6321643,taxi,taxi,3.169615,0,0,561.902
SCTD-0250,2,location,551.704,12.9692634,77.6637263,12.9692634,77.6436764,taxi,taxi,3.142982,1.974,0,561.902
SCTD-0250,3,location,556.569,12.9883726,77.6846296,12.9883726,77.6551885,taxi,taxi,3.105643,0,0,561.902
SCTD-0250,4,location,561.434,13.0074818,77.705202,13.0074818,77.6667006,taxi,taxi,3.07947,0,156.69,561.902
SCTD-0251,0,location,540.0,12.9069831,77.5832257,12.9069831,77.5832257,bus,walk,0.0,0,0,655.951
SCTD-0251,1,location,570.557,12.9260678,77.5923304,12.9260678,77.5918545,bus,walk,2.340337,0,0,655.951
SCTD-0251,2,location,604.121,12.9451526,77.6011835,12.9451526,77.6004833,bus,walk,2.328936,3.007,0,655.951
SCTD-0251,3,location,634.679,12.9642373,77.6096804,12.9642373,77.6091121,bus,walk,2.313278,0,0,655.951
SCTD-0251,4,location,665.236,12.9833221,77.6179256,12.9833221,77.617741,bus,walk,2.302525,0,0.0,655.951
SCTD-0252,0,location,540.0,12.9478988,77.6002227,12.9478988,77.6002227,bus,walk,0.0,0,0,663.261
SCTD-0252,1,location,573.926,12.9625162,77.6180024,12.9625162,77.6173286,bus,walk,2.520719,0,0,663.261
SCTD-0252,2,location,610.254,12.9771336,77.635625,12.9771336,77.6344344,bus,walk,2.507634,2.401,0,663.261
SCTD-0252,3,location,644.18,12.9917509,77.653025,12.9917509,77.6515403,bus,walk,2.489245,0,0,663.261
SCTD-0252,4,location,678.107,13.0063683,77.6702678,13.0063683,77.6686462,bus,walk,2.476278,0,0.0,663.261
SCTD-0253,0,location,540.0,12.9561723,77.6258545,12.9561723,77.6258545,walk,taxi,0.0,0,0,544.657
SCTD-0253,1,location,542.366,12.9606933,77.6277277,12.9606933,77.6272156,walk,taxi,0.542146,0,0,544.657
SCTD-0253,2,location,545.923,12.9652143,77.6295133,12.9652143,77.6285768,walk,taxi,0.538659,1.191,0,544.657
SCTD-0253,3,location,548.289,12.9697352,77.6311749,12.9697352,77.6299379,walk,taxi,0.533978,0,0,544.657
SCTD-0253,4,location,550.655,12.9742562,77.6327488,12.9742562,77.6312991,walk,taxi,0.530849,0,30.73,544.657
SCTD-0254,0,location,540.0,12.9098382,77.6319094,12.9098382,77.6319094,taxi,bus,0.0,0,0,566.157
SCTD-0254,1,location,547.812,12.9273683,77.6305319,12.9273683,77.6298687,taxi,bus,1.954972,0,0,566.157
SCTD-0254,2,location,555.83,12.9448984,77.6289473,12.9448984,77.6278279,taxi,bus,1.956812,0.207,0,566.157
SCTD-0254,3,location,563.642,12.9624285,77.6270701,12.9624285,77.6257872,taxi,bus,1.959849,0,0,566.157
SCTD-0254,4,location,571.454,12.9799586,77.6249858,12.9799586,77.6237464,taxi,bus,1.962303,0,33.65,566.157
SCTD-0255,0,location,540.0,12.9375356,77.5915592,12.9375356,77.5915592,walk,taxi,0.0,0,0,547.016
SCTD-0255,1,location,541.674,12.94125,77.5988158,12.94125,77.5977657,walk,taxi,0.888266,0,0,547.016
SCTD-0255,2,location,547.143,12.9449643,77.6056393,12.9449643,77.6039722,walk,taxi,0.846995,3.794,0,547.016
SCTD-0255,3,location,548.817,12.9486787,77.6118505,12.9486787,77.6101786,walk,taxi,0.789712,0,0,547.016
SCTD-0255,4,location,550.491,12.952393,77.6176287,12.952393,77.6163851,walk,taxi,0.750109,0,53.17,547.016
SCTD-0256,0,location,540.0,12.9541328,77.6145452,12.9541328,77.6145452,bus,walk,0.0,0,0,614.286
SCTD-0256,1,location,562.091,12.9647049,77.6235902,12.9647049,77.6229299,bus,walk,1.53056,0,0,614.286
SCTD-0256,2,location,585.238,12.9752769,77.6322888,12.9752769,77.6313145,bus,walk,1.506776,1.057,0,614.286
SCTD-0256,3,location,607.328,12.985849,77.6404976,12.985849,77.6396991,bus,walk,1.474129,0,0,614.286
SCTD-0256,4,location,629.419,12.996421,77.6483599,12.996421,77.6480837,bus,walk,1.451766,0,0.0,614.286
SCTD-0257,0,location,540.0,12.9555552,77.6014607,12.9555552,77.6014607,walk,taxi,0.0,0,0,556.829
SCTD-0257,1,location,544.486,12.9578042,77.6196121,12.9578042,77.618779,walk,taxi,1.982792,0,0,556.829
SCTD-0257,2,location,551.877,12.9600531,77.6373873,12.9600531,77.6360973,walk,taxi,1.942341,2.906,0,556.829
SCTD-0257,3,location,556.362,12.9623021,77.6546305,12.9623021,77.6534156,walk,taxi,1.885166,0,0,556.829
SCTD-0257,4,location,560.848,12.9645511,77.6714975,12.9645511,77.6707339,walk,taxi,1.84475,0,133.9,556.829
SCTD-0258,0,location,540.0,12.9318519,77.6293311,12.9318519,77.6293311,taxi,bus,0.0,0,0,562.91
SCTD-0258,1,location,544.597,12.9448603,77.6388049,12.9448603,77.6378897,taxi,bus,1.773805,0,0,562.91
SCTD-0258,2,location,550.638,12.9578687,77.6479575,12.9578687,77.6464483,taxi,bus,1.753855,1.443,0,562.91
SCTD-0258,3,location,555.235,12.9708771,77.6566557,12.9708771,77.6550069,taxi,bus,1.726459,0,0,562.91
SCTD-0258,4,location,559.832,12.9838855,77.6650325,12.9838855,77.6635655,taxi,bus,1.707672,0,25.77,562.91
SCTD-0259,0,location,540.0,12.9231107,77.6300038,12.9231107,77.6300038,bus,walk,0.0,0,0,635.775
SCTD-0259,1,location,567.91,12.9398033,77.6351235,12.9398033,77.6343706,bus,walk,1.937287,0,0,635.775
SCTD-0259,2,location,596.306,12.9564958,77.6400106,12.9564958,77.6387374,bus,walk,1.930207,0.486,0,635.775
SCTD-0259,3,location,624.216,12.9731884,77.6445686,12.9731884,77.6431042,bus,walk,1.920721,0,0,635.775
SCTD-0259,4,location,652.125,12.989881,77.6488939,12.989881,77.647471,bus,walk,1.914383,0,0.0,635.775
SCTD-0260,0,location,540.0,12.9594477,77.5752231,12.9594477,77.5752231,bus,walk,0.0,0,0,649.169
SCTD-0260,1,location,568.682,12.9694804,77.5933571,12.9694804,77.5925447,bus,walk,2.259595,0,0,649.169
SCTD-0260,2,location,598.551,12.979513,77.6110386,12.979513,77.6098662,bus,walk,2.217029,1.186,0,649.169
SCTD-0260,3,location,627.233,12.9895457,77.6280803,12.9895457,77.6271878,bus,walk,2.157331,0,0,649.169
SCTD-0260,4,location,655.915,12.9995784,77.6446694,12.9995784,77.6445094,bus,walk,2.115454,0,0.0,649.169
SCTD-0261,0,location,540.0,12.9128058,77.5892977,12.9128058,77.5892977,walk,taxi,0.0,0,0,564.427
SCTD-0261,1,location,546.133,12.9263628,77.6113623,12.9263628,77.6104995,walk,taxi,2.826849,0,0,564.427
SCTD-0261,2,location,552.311,12.9399198,77.6329699,12.9399198,77.6317013,walk,taxi,2.78497,0.044,0,564.427
SCTD-0261,3,location,558.444,12.9534768,77.6539311,12.9534768,77.652903,walk,taxi,2.726228,0,0,564.427
SCTD-0261,4,location,564.577,12.9670338,77.6744351,12.9670338,77.6741048,walk,taxi,2.68499,0,178.61,564.427
SCTD-0262,0,location,540.0,12.9456824,77.620955,12.9456824,77.620955,bus,walk,0.0,0,0,593.624
SCTD-0262,1,location,554.151,12.9540802,77.6267997,12.9540802,77.6258228,bus,walk,1.128335,0,0,593.624
SCTD-0262,2,location,571.387,12.9624781,77.6322569,12.9624781,77.6306907,bus,walk,1.105299,3.084,0,593.624
SCTD-0262,3,location,585.538,12.9708759,77.637166,12.9708759,77.6355586,bus,walk,1.074685,0,0,593.624
SCTD-0262,4,location,599.689,12.9792737,77.6416875,12.9792737,77.6404265,bus,walk,1.05452,0,0.0,593.624
SCTD-0263,0,location,540.0,12.9204932,77.6341832,12.9204932,77.6341832,walk,taxi,0.0,0,0,557.681
SCTD-0263,1,location,544.912,12.9381726,77.6320823,12.9381726,77.6313864,walk,taxi,1.97901,0,0,557.681
SCTD-0263,2,location,550.974,12.9558521,77.6296768,12.9558521,77.6285896,walk,taxi,1.983076,1.149,0,557.681
SCTD-0263,3,location,555.886,12.9735315,77.6268405,12.9735315,77.6257928,walk,taxi,1.989748,0,0,557.681
SCTD-0263,4,location,560.798,12.991211,77.6236995,12.991211,77.622996,walk,taxi,1.995111,0,122.17,557.681
SCTD-0264,0,location,540.0,12.9248819,77.5865634,12.9248819,77.5865634,walk,taxi,0.0,0,0,558.642
SCTD-0264,1,location,545.483,12.9311622,77.6058584,12.9311622,77.6048108,walk,taxi,2.204641,0,0,558.642
SCTD-0264,2,location,551.492,12.9374424,77.6247746,12.9374424,77.6230582,walk,taxi,2.165699,0.525,0,558.642
SCTD-0264,3,location,556.975,12.9437227,77.6431551,12.9437227,77.6413056,walk,taxi,2.110783,0,0,558.642
SCTD-0264,4,location,562.458,12.950003,77.6611568,12.950003,77.6595529,walk,taxi,2.072041,0,123.83,558.642
SCTD-0265,0,location,540.0,12.9459301,77.5862984,12.9459301,77.5862984,walk,taxi,0.0,0,0,559.791
SCTD-0265,1,location,547.297,12.9513952,77.6068027,12.9513952,77.6060651,walk,taxi,2.3036,0,0,559.791
SCTD-0265,2,location,555.313,12.9568603,77.6269023,12.9568603,77.6258318,walk,taxi,2.26128,0.718,0,559.791
SCTD-0265,3,location,562.611,12.9623254,77.6464295,12.9623254,77.6455986,walk,taxi,2.201554,0,0,559.791
SCTD-0265,4,location,569.908,12.9677905,77.6655519,12.9677905,77.6653653,walk,taxi,2.159387,0,133.9,559.791
SCTD-0266,0,location,540.0,12.9120793,77.6004871,12.9120793,77.6004871,bus,walk,0.0,0,0,633.048
SCTD-0266,1,location,563.221,12.9235074,77.6135528,12.9235074,77.6130319,bus,walk,1.902653,0,0,633.048
SCTD-0266,2,location,589.528,12.9349356,77.6263274,12.9349356,77.6255767,bus,walk,1.879247,3.087,0,633.048
SCTD-0266,3,location,612.749,12.9463638,77.6386904,12.9463638,77.6381215,bus,walk,1.846581,0,0,633.048
SCTD-0266,4,location,635.97,12.957792,77.6507623,12.957792,77.6506664,bus,walk,1.823776,0,0.0,633.048
SCTD-0267,0,location,540.0,12.9335676,77.5901407,12.9335676,77.5901407,taxi,bus,0.0,0,0,561.993
SCTD-0267,1,location,547.308,12.9405424,77.6043086,12.9405424,77.6035742,taxi,bus,1.720167,0,0,561.993
SCTD-0267,2,location,558.145,12.9475173,77.6180762,12.9475173,77.6170077,taxi,bus,1.681527,3.529,0,561.993
SCTD-0267,3,location,565.453,12.9544921,77.6312777,12.9544921,77.6304412,taxi,bus,1.627306,0,0,561.993
SCTD-0267,4,location,572.76,12.9614669,77.6440789,12.9614669,77.6438746,taxi,bus,1.589269,0,26.9,561.993
SCTD-0268,0,location,540.0,12.9078378,77.5937866,12.9078378,77.5937866,bus,walk,0.0,0,0,651.852
SCTD-0268,1,location,569.78,12.9263438,77.6027434,12.9263438,77.6018835,bus,walk,2.275255,0,0,651.852
SCTD-0268,2,location,602.402,12.9448498,77.6114373,12.9448498,77.6099803,bus,walk,2.263216,2.842,0,651.852
SCTD-0268,3,location,632.182,12.9633557,77.6197592,12.9633557,77.6180772,bus,walk,2.246709,0,0,651.852
SCTD-0268,4,location,661.961,12.9818617,77.6278182,12.9818617,77.6261741,bus,walk,2.235395,0,0.0,651.852
SCTD-0269,0,location,540.0,12.9514339,77.5759023,12.9514339,77.5759023,walk,taxi,0.0,0,0,563.886
SCTD-0269,1,location,547.248,12.9564861,77.6005045,12.9564861,77.6001528,walk,taxi,2.724571,0,0,563.886
SCTD-0269,2,location,556.771,12.9615383,77.6249873,12.9615383,77.6244032,walk,taxi,2.711853,2.275,0,563.886
SCTD-0269,3,location,564.019,12.9665905,77.6493011,12.9665905,77.6486537,walk,taxi,2.693893,0,0,563.886
SCTD-0269,4,location,571.267,12.9716428,77.6734955,12.9716428,77.6729042,walk,taxi,2.681181,0,173.88,563.886
SCTD-0270,0,location,540.0,12.9262707,77.6230847,12.9262707,77.6230847,taxi,bus,0.0,0,0,570.46
SCTD-0270,1,location,548.62,12.9467356,77.6256936,12.9467356,77.624946,taxi,bus,2.293083,0,0,570.46
SCTD-0270,2,location,558.035,12.9672004,77.628098,12.9672004,77.6268073,taxi,bus,2.290453,0.794,0,570.46
SCTD-0270,3,location,566.655,12.9876652,77.6302129,12.9876652,77.6286686,taxi,bus,2.287096,0,0,570.46
SCTD-0270,4,location,575.275,13.00813,77.6321232,13.00813,77.6305299,taxi,bus,2.284979,0,34.03,570.46
SCTD-0271,0,location,540.0,12.9468117,77.608459,12.9468117,77.608459,walk,walk,0.0,0,0,618.687
SCTD-0271,1,location,585.392,12.9484206,77.6236475,12.9484206,77.6228872,walk,walk,1.655641,0,0,618.687
SCTD-0271,2,location,631.739,12.9500296,77.6384428,12.9500296,77.6373154,walk,walk,1.61328,0.955,0,618.687
SCTD-0271,3,location,677.131,12.9516385,77.6526821,12.9516385,77.6517436,walk,walk,1.553399,0,0,618.687
SCTD-0271,4,location,722.523,12.9532474,77.6665282,12.9532474,77.6661718,walk,walk,1.511073,0,0.0,618.687
SCTD-0272,0,location,540.0,12.9478861,77.578933,12.9478861,77.578933,bus,bus,0.0,0,0,570.004
SCTD-0272,1,location,581.487,12.9581688,77.5977616,12.9581688,77.5968196,bus,bus,2.338903,0,0,570.004
SCTD-0272,2,location,624.012,12.9684515,77.6162624,12.9684515,77.6147063,bus,bus,2.307904,1.038,0,570.004
SCTD-0272,3,location,665.5,12.9787342,77.6342995,12.9787342,77.632593,bus,bus,2.264324,0,0,570.004
SCTD-0272,4,location,706.987,12.989017,77.6520086,12.989017,77.6504796,bus,bus,2.233657,0,37.79,570.004
SCTD-0273,0,location,540.0,12.9474471,77.5957013,12.9474471,77.5957013,taxi,taxi,0.0,0,0,555.399
SCTD-0273,1,location,574.617,12.9493891,77.6124704,12.9493891,77.6115626,taxi,taxi,1.830015,0,0,555.399
SCTD-0273,2,location,613.088,12.951331,77.6288607,12.951331,77.6274239,taxi,taxi,1.789239,3.855,0,555.399
SCTD-0273,3,location,647.705,12.953273,77.6447151,12.953273,77.6432852,taxi,taxi,1.731602,0,0,555.399
SCTD-0273,4,location,682.321,12.9552149,77.6601908,12.9552149,77.6591466,taxi,taxi,1.69086,0,117.91,555.399
SCTD-0274,0,location,540.0,12.9147515,77.6255574,12.9147515,77.6255574,walk,walk,0.0,0,0,640.333
SCTD-0274,1,location,599.211,12.9290165,77.6377918,12.9290165,77.6368991,walk,walk,2.067404,0,0,640.333
SCTD-0274,2,location,660.674,12.9432814,77.6496111,12.9432814,77.6482407,walk,walk,2.038794,2.251,0,640.333
SCTD-0274,3,location,719.885,12.9575463,77.6608432,12.9575463,77.6595823,walk,walk,1.999384,0,0,640.333
SCTD-0274,4,location,779.096,12.9718113,77.67166,12.9718113,77.670924,walk,walk,1.97227,0,0.0,640.333
SCTD-0275,0,location,540.0,12.9385028,77.5842867,12.9385028,77.5842867,bus,bus,0.0,0,0,556.358
SCTD-0275,1,location,563.692,12.9449066,77.5939708,12.9449066,77.593506,bus,bus,1.268245,0,0,556.358
SCTD-0275,2,location,589.765,12.9513105,77.6035783,12.9513105,77.6027253,bus,bus,1.261362,2.382,0,556.358
SCTD-0275,3,location,613.457,12.9577144,77.6130774,12.9577144,77.6119447,bus,bus,1.251667,0,0,556.358
SCTD-0275,4,location,637.149,12.9641182,77.6225,12.9641182,77.621164,bus,bus,1.244826,0,19.17,556.358
SCTD-0276,0,location,540.0,12.9582463,77.5921925,12.9582463,77.5921925,bus,bus,0.0,0,0,574.586
SCTD-0276,1,location,578.604,12.9710303,77.6130398,12.9710303,77.6122174,bus,bus,2.669062,0,0,574.586
SCTD-0276,2,location,619.263,12.9838144,77.6334619,12.9838144,77.6322424,bus,bus,2.630097,2.056,0,574.586
SCTD-0276,3,location,657.867,12.9965984,77.6532829,12.9965984,77.6522673,bus,bus,2.575434,0,0,574.586
SCTD-0276,4,location,696.47,13.0093825,77.6726786,13.0093825,77.6722922,bus,bus,2.537054,0,44.96,574.586
SCTD-0277,0,location,540.0,12.9128134,77.6115103,12.9128134,77.6115103,taxi,taxi,0.0,0,0,559.121
SCTD-0277,1,location,576.49,12.9248247,77.6277242,12.9248247,77.6270705,taxi,taxi,2.207213,0,0,559.121
SCTD-0277,2,location,615.112,12.936836,77.6437355,12.936836,77.6426307,taxi,taxi,2.189718,2.131,0,559.121
SCTD-0277,3,location,651.602,12.9488473,77.6594605,12.9488473,77.658191,taxi,taxi,2.165142,0,0,559.121
SCTD-0277,4,location,688.092,12.9608586,77.674983,12.9608586,77.6737512,taxi,taxi,2.147847,0,150.3,559.121
SCTD-0278,0,location,540.0,12.9239959,77.583708,12.9239959,77.583708,walk,walk,0.0,0,0,669.524
SCTD-0278,1,location,598.106,12.934957,77.6055659,12.934957,77.6048012,walk,walk,2.664031,0,0,669.524
SCTD-0278,2,location,658.9,12.9459182,77.6271483,12.9459182,77.6258943,walk,walk,2.637424,2.687,0,669.524
SCTD-0278,3,location,717.006,12.9568794,77.6483409,12.9568794,77.6469875,walk,walk,2.599956,0,0,669.524
SCTD-0278,4,location,775.112,12.9678405,77.669258,12.9678405,77.6680806,walk,walk,2.573526,0,0.0,669.524
SCTD-0279,0,location,540.0,12.926587,77.5908741,12.926587,77.5908741,walk,walk,0.0,0,0,653.826
SCTD-0279,1,location,590.301,12.9407518,77.6064653,12.9407518,77.6060423,walk,walk,2.309939,0,0,653.826
SCTD-0279,2,location,642.243,12.9549166,77.6219467,12.9549166,77.6212105,walk,walk,2.301185,1.641,0,653.826
SCTD-0279,3,location,692.544,12.9690814,77.637273,12.9690814,77.6363787,walk,walk,2.288881,0,0,653.826
SCTD-0279,4,location,742.845,12.9832462,77.6524894,12.9832462,77.6515469,walk,walk,2.280197,0,0.0,653.826
SCTD-0280,0,location,540.0,12.9054436,77.5974977,12.9054436,77.5974977,bus,bus,0.0,0,0,582.124
SCTD-0280,1,location,582.208,12.929425,77.6136023,12.929425,77.6131314,bus,bus,3.187063,0,0,582.124
SCTD-0280,2,location,626.736,12.9534064,77.6294617,12.9534064,77.628765,bus,bus,3.172498,2.319,0,582.124
SCTD-0280,3,location,668.944,12.9773879,77.6449742,12.9773879,77.6443987,bus,bus,3.152206,0,0,582.124
SCTD-0280,4,location,711.153,13.0013693,77.6602414,13.0013693,77.6600323,bus,bus,3.138025,0,50.41,582.124
SCTD-0281,0,location,540.0,12.9266239,77.6039975,12.9266239,77.6039975,bus,bus,0.0,0,0,575.187
SCTD-0281,1,location,584.202,12.9460919,77.6187038,12.9460919,77.6179269,bus,bus,2.688159,0,0,575.187
SCTD-0281,2,location,632.051,12.9655599,77.6331646,12.9655599,77.6318564,bus,bus,2.6724,3.648,0,575.187
SCTD-0281,3,location,676.253,12.9850278,77.6472781,12.9850278,77.6457858,bus,bus,2.650439,0,0,575.187
SCTD-0281,4,location,720.455,13.0044958,77.6611461,13.0044958,77.6597152,bus,bus,2.635105,0,45.49,575.187
SCTD-0282,0,location,540.0,12.9642848,77.5763854,12.9642848,77.5763854,walk,walk,0.0,0,0,618.871
SCTD-0282,1,location,579.773,12.9717235,77.5895408,12.9717235,77.5887814,walk,walk,1.648099,0,0,618.871
SCTD-0282,2,location,622.941,12.9791621,77.6023494,12.9791621,77.6011774,walk,walk,1.615677,3.395,0,618.871
SCTD-0282,3,location,662.713,12.9866008,77.6146677,12.9866008,77.6135733,walk,walk,1.570234,0,0,618.871
SCTD-0282,4,location,702.486,12.9940395,77.6266391,12.9940395,77.6259693,walk,walk,1.538389,0,0.0,618.871
SCTD-0283,0,location,540.0,12.929628,77.5853617,12.929628,77.5853617,walk,walk,0.0,0,0,655.421
SCTD-0283,1,location,590.517,12.945613,77.5997276,12.945613,77.5989542,walk,walk,2.362878,0,0,655.421
SCTD-0283,2,location,644.678,12.961598,77.6138082,12.961598,77.6125468,walk,walk,2.342549,3.645,0,655.421
SCTD-0283,3,location,695.195,12.977583,77.6274849,12.977583,77.6261393,walk,walk,2.314228,0,0,655.421
SCTD-0283,4,location,745.711,12.993568,77.6408762,12.993568,77.6397319,walk,walk,2.294478,0,0.0,655.421
SCTD-0284,0,location,540.0,12.9557368,77.5888225,12.9557368,77.5888225,taxi,taxi,0.0,0,0,554.517
SCTD-0284,1,location,563.352,12.956827,77.604793,12.956827,77.6038516,taxi,taxi,1.734874,0,0,554.517
SCTD-0284,2,location,587.153,12.9579172,77.6203584,12.9579172,77.6188807,taxi,taxi,1.691075,0.448,0,554.517
SCTD-0284,3,location,610.506,12.9590075,77.6353509,12.9590075,77.6339098,taxi,taxi,1.629146,0,0,554.517
SCTD-0284,4,location,633.858,12.9600977,77.6499382,12.9600977,77.6489389,taxi,taxi,1.585362,0,108.67,554.517
SCTD-0285,0,location,540.0,12.9178413,77.630441,12.9178413,77.630441,taxi,taxi,0.0,0,0,556.728
SCTD-0285,1,location,577.801,12.9344286,77.6345088,12.9344286,77.63389,taxi,taxi,1.89638,0,0,556.728
SCTD-0285,2,location,616.786,12.9510159,77.6382664,12.9510159,77.6373391,taxi,taxi,1.888843,1.183,0,556.728
SCTD-0285,3,location,654.587,12.9676032,77.6415854,12.9676032,77.6407881,taxi,taxi,1.879161,0,0,556.728
SCTD-0285,4,location,692.388,12.9841905,77.644594,12.9841905,77.6442371,taxi,taxi,1.873013,0,109.65,556.728
SCTD-0286,0,location,540.0,12.9167265,77.5928724,12.9167265,77.5928724,walk,walk,0.0,0,0,687.701
SCTD-0286,1,location,618.895,12.938021,77.6095885,12.938021,77.6091717,walk,walk,2.981396,0,0,687.701
SCTD-0286,2,location,699.548,12.9593155,77.6260814,12.9593155,77.625471,walk,walk,2.966662,1.758,0,687.701
SCTD-0286,3,location,778.443,12.98061,77.6422583,12.98061,77.6417703,walk,walk,2.946077,0,0,687.701
SCTD-0286,4,location,857.338,13.0019045,77.6582119,13.0019045,77.6580696,walk,walk,2.931649,0,0.0,687.701
SCTD-0287,0,location,540.0,12.9554393,77.5800119,12.9554393,77.5800119,taxi,taxi,0.0,0,0,562.568
SCTD-0287,1,location,579.076,12.9622444,77.6028766,12.9622444,77.6023775,taxi,taxi,2.590664,0,0,562.568
SCTD-0287,2,location,618.726,12.9690495,77.6255009,12.9690495,77.624743,taxi,taxi,2.565695,0.574,0,562.568
SCTD-0287,3,location,657.803,12.9758546,77.6477852,12.9758546,77.6471085,taxi,taxi,2.530448,0,0,562.568
SCTD-0287,4,location,696.879,12.9826597,77.669829,12.9826597,77.6694741,taxi,taxi,2.505534,0,177.62,562.568
SCTD-0288,0,location,540.0,12.9216256,77.5977651,12.9216256,77.5977651,bus,bus,0.0,0,0,572.768
SCTD-0288,1,location,578.571,12.9421967,77.6068899,12.9421967,77.6060579,bus,bus,2.492014,0,0,572.768
SCTD-0288,2,location,620.913,12.9627678,77.6156023,12.9627678,77.6143506,bus,bus,2.474591,3.772,0,572.768
SCTD-0288,3,location,659.483,12.9833389,77.6237314,12.9833389,77.6226434,bus,bus,2.451144,0,0,572.768
SCTD-0288,4,location,698.054,13.00391,77.6314479,13.00391,77.6309361,bus,bus,2.435412,0,36.6,572.768
SCTD-0289,0,location,540.0,12.9173763,77.6200769,12.9173763,77.6200769,walk,walk,0.0,0,0,653.076
SCTD-0289,1,location,588.423,12.9375925,77.6227292,12.9375925,77.6223606,walk,walk,2.266246,0,0,653.076
SCTD-0289,2,location,639.011,12.9578088,77.6252113,12.9578088,77.6246442,walk,walk,2.263979,2.165,0,653.076
SCTD-0289,3,location,687.434,12.978025,77.6274529,12.978025,77.6269279,walk,walk,2.261027,0,0,653.076
SCTD-0289,4,location,735.857,12.9982412,77.6295242,12.9982412,77.6292115,walk,walk,2.259119,0,0.0,653.076
SCTD-0290,0,location,540.0,12.9218176,77.578215,12.9218176,77.578215,taxi,taxi,0.0,0,0,562.667
SCTD-0290,1,location,578.962,12.9382557,77.5952663,12.9382557,77.5946231,taxi,taxi,2.599201,0,0,562.667
SCTD-0290,2,location,619.813,12.9546938,77.6119894,12.9546938,77.6110312,taxi,taxi,2.573959,1.888,0,562.667
SCTD-0290,3,location,658.775,12.9711319,77.6282484,12.9711319,77.6274393,taxi,taxi,2.538719,0,0,562.667
SCTD-0290,4,location,697.738,12.98757,77.6441792,12.98757,77.6438474,taxi,taxi,2.514087,0,164.27,562.667
